QB,RB,RB,WR,WR,WR,TE,FLEX,DST,Salary,Fpts Proj,Own. Prod.,Own. Sum.,Team Stack,Runback,Stack Positions,Runback Positions,Max Non-QB Team Players,Offensive vs Defensive,Ownership Array
Aidan O'Connell (37123378),Kendre Miller (37123455),Tyjae Spears (37123457),Mike Evans (37123609),Malik Nabers (37123619),Jakobi Meyers (37123627),T.J. Hockenson (37123927),Garrett Wilson (37123625),Dolphins (37124105),49900,134.27,1.1814815203508597e-08,140.19,QB +1 | 1,1,WR,RB,1,8/1,"6.63|4.56|37.25|22.6|13.77|15.69|16.45|9.52|13.72"
Sam Darnold (37123367),Josh Jacobs (37123425),De'Von Achane (37123429),Justin Jefferson (37123605),Josh Downs (37123651),Kevin Austin Jr. (37123711),Jake Ferguson (37123939),Jalen McMillan (37123657),Eagles (37124106),49800,136.62,7.471267178838905e-09,138.19,QB +1 | 1,1,WR,RB,1,8/1,"16.21|13.03|10.05|23.76|28.86|1.64|18.69|13.92|12.03"
Aidan O'Connell (37123378),Saquon Barkley (37123423),Tyjae Spears (37123457),Khalil Shakir (37123635),Josh Downs (37123651),Kevin Austin Jr. (37123711),Brock Bowers (37123921),Mike Evans (37123609),Jaguars (37124107),49800,134.04,2.9166412421465214e-09,154.87,QB +1 | 1,1,TE,WR,1,8/1,"6.63|27.64|37.25|9.47|28.86|1.64|18.5|22.6|2.28"
Baker Mayfield (37123366),Saquon Barkley (37123423),Raheem Blackshear (37123543),Mike Evans (37123609),Josh Downs (37123651),Marquez Valdes-Scantling (37123675),Brock Bowers (37123921),T.J. Hockenson (37123927),Raiders (37124111),49800,131.9,8.632776117048128e-09,149.3,QB +1 | 1,1,WR,RB,1,8/1,"11.0|27.64|3.69|22.6|28.86|2.1|18.5|16.45|18.46"
Mac Jones (37123377),De'Von Achane (37123429),Tyjae Spears (37123457),Justin Jefferson (37123605),Calvin Ridley (37123637),Josh Downs (37123651),Brenton Strange (37123935),Breece Hall (37123441),Raiders (37124111),49800,132.5,1.3417214654626147e-08,153.83,QB +1 | 2,2,TE,RB; WR,1,8/1,"3.49|10.05|37.25|23.76|16.93|28.86|4.59|10.44|18.46"
Aidan O'Connell (37123378),Aaron Jones Sr. (37123443),Tyjae Spears (37123457),A.J. Brown (37123607),Josh Downs (37123651),Marquez Valdes-Scantling (37123675),Brock Bowers (37123921),De'Von Achane (37123429),Jets (37124116),50000,132.0,2.98281121646084e-09,141.22,QB +1 | 1,1,TE,WR,1,8/1,"6.63|22.34|37.25|11.21|28.86|2.1|18.5|10.05|4.28"
Joe Flacco (37123381),Bucky Irving (37123437),Breece Hall (37123441),Malik Nabers (37123619),Josh Downs (37123651),Michael Pittman Jr. (37123655),Brenton Strange (37123935),Justin Jefferson (37123605),Colts (37124102),49800,137.64,1.7946367731938523e-08,146.28,QB +2 | 1,1,WR; WR,WR,1,8/1,"8.5|32.29|10.44|13.77|28.86|12.61|4.59|23.76|11.46"
Sam Darnold (37123367),Rico Dowdle (37123445),Tyjae Spears (37123457),Brian Thomas Jr. (37123617),Jordan Addison (37123623),DeVonta Smith (37123631),Tucker Kraft (37123937),Brock Bowers (37123921),Raiders (37124111),49900,134.28,3.698804612790452e-08,152.01000000000002,QB +1 | 1,1,WR,TE,1,8/1,"16.21|7.71|37.25|20.07|17.47|7.54|8.8|18.5|18.46"
Sam Darnold (37123367),Jonathan Taylor (37123427),Raheem Blackshear (37123543),Jordan Addison (37123623),Jayden Reed (37123629),Adam Thielen (37123633),Brock Bowers (37123921),Dontayvion Wicks (37123685),Dolphins (37124105),50000,131.24,7.689777755978857e-09,126.32,QB +1 | 2,2,WR,WR; FLEX,2,8/1,"16.21|20.56|3.69|17.47|8.14|9.2|18.5|18.83|13.72"
Aidan O'Connell (37123378),Saquon Barkley (37123423),Tyjae Spears (37123457),Mike Evans (37123609),Dontayvion Wicks (37123685),Kevin Austin Jr. (37123711),Brock Bowers (37123921),Garrett Wilson (37123625),Bills (37124101),50000,132.23,2.6094532296647867e-09,145.72000000000003,QB +1 | 1,1,TE,WR,1,8/1,"6.63|27.64|37.25|22.6|18.83|1.64|18.5|9.52|3.11"
Jordan Love (37123368),Saquon Barkley (37123423),Rachaad White (37123451),Justin Jefferson (37123605),Adam Thielen (37123633),Michael Pittman Jr. (37123655),Tucker Kraft (37123937),Dontayvion Wicks (37123685),Titans (37124109),49800,131.27,3.740774941025827e-09,121.68,QB +2 | 1,1,TE; FLEX,WR,1,8/1,"9.77|27.64|4.98|23.76|9.2|12.61|8.8|18.83|6.09"
Baker Mayfield (37123366),Aaron Jones Sr. (37123443),Tyjae Spears (37123457),Jordan Addison (37123623),Adam Thielen (37123633),Jalen McMillan (37123657),Tucker Kraft (37123937),Jonathan Taylor (37123427),Eagles (37124106),50000,131.42,4.457522134815708e-08,152.57,QB +1 | 1,1,WR,WR,2,8/1,"11.0|22.34|37.25|17.47|9.2|13.92|8.8|20.56|12.03"
Jordan Love (37123368),Bucky Irving (37123437),Breece Hall (37123441),Justin Jefferson (37123605),Jordan Addison (37123623),Adam Thielen (37123633),Tucker Kraft (37123937),Juwan Johnson (37123943),Eagles (37124106),50000,131.17,3.954531368548637e-09,126.73,QB +1 | 2,2,TE,WR; WR,1,8/1,"9.77|32.29|10.44|23.76|17.47|9.2|8.8|2.97|12.03"
Sam Darnold (37123367),Rico Dowdle (37123445),Tyjae Spears (37123457),Jordan Addison (37123623),Jayden Reed (37123629),Michael Pittman Jr. (37123655),Dalton Kincaid (37123929),Saquon Barkley (37123423),Browns (37124113),50000,135.23,1.176361361541492e-08,141.32,QB +1 | 1,1,WR,WR,1,8/1,"16.21|7.71|37.25|17.47|8.14|12.61|7.41|27.64|6.88"
Joe Flacco (37123381),Jonathan Taylor (37123427),James Cook (37123433),Malik Nabers (37123619),Josh Downs (37123651),Jalen McMillan (37123657),T.J. Hockenson (37123927),Brian Thomas Jr. (37123617),Raiders (37124111),49900,132.09,4.4071527949085274e-08,148.07000000000002,QB +2 | 1,1,RB; WR,WR,1,8/1,"8.5|20.56|7.48|13.77|28.86|13.92|16.45|20.07|18.46"
Aidan O'Connell (37123378),Saquon Barkley (37123423),Kendre Miller (37123455),Davante Adams (37123613),Garrett Wilson (37123625),Jakobi Meyers (37123627),Jake Ferguson (37123939),Josh Downs (37123651),Jaguars (37124107),49900,131.92,2.2089077087287958e-09,128.26,QB +1 | 1,1,WR,RB,2,8/1,"6.63|27.64|4.56|14.39|9.52|15.69|18.69|28.86|2.28"
Baker Mayfield (37123366),Saquon Barkley (37123423),Raheem Blackshear (37123543),Brian Thomas Jr. (37123617),Josh Downs (37123651),Jalen McMillan (37123657),Jake Ferguson (37123939),De'Von Achane (37123429),Packers (37124110),49800,131.34,4.58753247716643e-09,136.61999999999998,QB +1 | 1,1,WR,RB,1,8/1,"11.0|27.64|3.69|20.07|28.86|13.92|18.69|10.05|2.7"
Bryce Young (37123372),Bucky Irving (37123437),Tyjae Spears (37123457),Jerry Jeudy (37123621),Josh Downs (37123651),Xavier Legette (37123665),Brock Bowers (37123921),Brian Thomas Jr. (37123617),Eagles (37124106),50000,132.46,1.2498564903024778e-08,162.4,QB +1 | 1,1,WR,RB,1,8/1,"6.11|32.29|37.25|3.95|28.86|3.34|18.5|20.07|12.03"
Aidan O'Connell (37123378),Jonathan Taylor (37123427),Bucky Irving (37123437),Garrett Wilson (37123625),Josh Downs (37123651),Marquez Valdes-Scantling (37123675),Brock Bowers (37123921),DeVonta Smith (37123631),Raiders (37124111),49900,131.73,6.539311486710876e-09,144.46,QB +1 | 1,1,TE,WR,2,8/1,"6.63|20.56|32.29|9.52|28.86|2.1|18.5|7.54|18.46"
Bryce Young (37123372),Saquon Barkley (37123423),Bucky Irving (37123437),Brian Thomas Jr. (37123617),Jakobi Meyers (37123627),Josh Downs (37123651),Ja'Tavion Sanders (37123957),Alexander Mattison (37123453),Eagles (37124106),50000,132.44,2.7784510999918787e-09,147.72999999999996,QB +1 | 1,1,TE,RB,2,8/1,"6.11|27.64|32.29|20.07|15.69|28.86|1.22|3.82|12.03"
Aidan O'Connell (37123378),De'Von Achane (37123429),Aaron Jones Sr. (37123443),Justin Jefferson (37123605),Jakobi Meyers (37123627),Dante Pettis (37123821),Jake Ferguson (37123939),Malik Nabers (37123619),Buccaneers (37124103),50000,131.57,7.135919860961354e-10,117.77999999999999,QB +1 | 1,1,WR,WR,2,8/1,"6.63|10.05|22.34|23.76|15.69|0.83|18.69|13.77|6.02"
Jordan Love (37123368),Saquon Barkley (37123423),Breece Hall (37123441),Jordan Addison (37123623),Adam Thielen (37123633),Dontayvion Wicks (37123685),T.J. Hockenson (37123927),Jerome Ford (37123447),Raiders (37124111),50000,131.3,1.5183062103261533e-08,134.12,QB +1 | 2,2,WR,WR; TE,1,8/1,"9.77|27.64|10.44|17.47|9.2|18.83|16.45|5.86|18.46"
Bryce Young (37123372),Saquon Barkley (37123423),Bucky Irving (37123437),Jakobi Meyers (37123627),Khalil Shakir (37123635),Jalen Coker (37123671),Jake Ferguson (37123939),Aaron Jones Sr. (37123443),Eagles (37124106),49800,132.08,1.9982959407615433e-08,149.17,QB +1 | 1,1,WR,RB,1,8/1,"6.11|27.64|32.29|15.69|9.47|4.91|18.69|22.34|12.03"
Joe Flacco (37123381),Josh Jacobs (37123425),Tyrone Tracy Jr. (37123449),Mike Evans (37123609),Romeo Doubs (37123643),Josh Downs (37123651),T.J. Hockenson (37123927),Rico Dowdle (37123445),Eagles (37124106),49800,133.32,6.1976234744922e-09,124.18,QB +1 | 1,1,WR,RB,2,8/1,"8.5|13.03|7.64|22.6|7.36|28.86|16.45|7.71|12.03"
Joe Flacco (37123381),Jonathan Taylor (37123427),Bucky Irving (37123437),Malik Nabers (37123619),Michael Pittman Jr. (37123655),Jalen McMillan (37123657),Brock Bowers (37123921),Calvin Ridley (37123637),Browns (37124113),50000,134.87,2.9391074790627295e-08,143.95999999999998,QB +2 | 1,1,RB; WR,WR,2,8/1,"8.5|20.56|32.29|13.77|12.61|13.92|18.5|16.93|6.88"
Aidan O'Connell (37123378),Bucky Irving (37123437),Breece Hall (37123441),Davante Adams (37123613),Jakobi Meyers (37123627),Josh Downs (37123651),Foster Moreau (37123949),De'Von Achane (37123429),Eagles (37124106),49800,131.95,2.676316141376334e-09,131.89999999999998,QB +1 | 1,1,WR,TE,2,8/1,"6.63|32.29|10.44|14.39|15.69|28.86|1.52|10.05|12.03"
Mac Jones (37123377),Aaron Jones Sr. (37123443),Tyjae Spears (37123457),Justin Jefferson (37123605),Brian Thomas Jr. (37123617),Ryan Miller (37123807),Brock Bowers (37123921),Calvin Ridley (37123637),Saints (37124108),50000,131.69,2.1552189806674156e-09,146.97,QB +1 | 2,2,WR,RB; FLEX,2,8/1,"3.49|22.34|37.25|23.76|20.07|1.69|18.5|16.93|2.94"
Sam Darnold (37123367),Rachaad White (37123451),Tyjae Spears (37123457),Justin Jefferson (37123605),A.J. Brown (37123607),Josh Downs (37123651),Tucker Kraft (37123937),Tank Bigsby (37123461),Browns (37124113),49900,131.85,3.4566473442426865e-09,140.42,QB +1 | 1,1,WR,TE,1,8/1,"16.21|4.98|37.25|23.76|11.21|28.86|8.8|2.47|6.88"
Joe Flacco (37123381),Josh Jacobs (37123425),De'Von Achane (37123429),A.J. Brown (37123607),Malik Nabers (37123619),Michael Pittman Jr. (37123655),Jake Ferguson (37123939),Dontayvion Wicks (37123685),Raiders (37124111),50000,132.38,1.4075873678954258e-08,125.15,QB +1 | 1,1,WR,WR,2,8/1,"8.5|13.03|10.05|11.21|13.77|12.61|18.69|18.83|18.46"
Sam Darnold (37123367),Bucky Irving (37123437),Kendre Miller (37123455),Mike Evans (37123609),Jordan Addison (37123623),Romeo Doubs (37123643),Jake Ferguson (37123939),Jakobi Meyers (37123627),Titans (37124109),50000,133.66,1.2386385677321275e-08,140.96,QB +1 | 1,1,WR,WR,2,8/1,"16.21|32.29|4.56|22.6|17.47|7.36|18.69|15.69|6.09"
Sam Darnold (37123367),Bucky Irving (37123437),Breece Hall (37123441),Malik Nabers (37123619),Jayden Reed (37123629),Josh Downs (37123651),T.J. Hockenson (37123927),Brock Bowers (37123921),Jets (37124116),50000,136.61,2.3024363341639445e-08,148.94,QB +1 | 1,1,TE,WR,1,8/1,"16.21|32.29|10.44|13.77|8.14|28.86|16.45|18.5|4.28"
Baker Mayfield (37123366),Saquon Barkley (37123423),Tyjae Spears (37123457),Romeo Doubs (37123643),Jalen McMillan (37123657),Jalen Coker (37123671),Juwan Johnson (37123943),Justin Jefferson (37123605),Dolphins (37124105),49900,132.53,5.515851173191294e-09,142.53,QB +1 | 1,1,WR,WR,1,8/1,"11.0|27.64|37.25|7.36|13.92|4.91|2.97|23.76|13.72"
Sam Darnold (37123367),Josh Jacobs (37123425),Tyjae Spears (37123457),Jordan Addison (37123623),Jakobi Meyers (37123627),Jalen Coker (37123671),Jake Ferguson (37123939),Malik Nabers (37123619),Eagles (37124106),49900,135.89,3.2783847232125645e-08,149.05,QB +1 | 1,1,WR,RB,1,8/1,"16.21|13.03|37.25|17.47|15.69|4.91|18.69|13.77|12.03"
Sam Darnold (37123367),Saquon Barkley (37123423),Aaron Jones Sr. (37123443),Justin Jefferson (37123605),Michael Pittman Jr. (37123655),Dante Pettis (37123821),Tucker Kraft (37123937),Rachaad White (37123451),Eagles (37124106),49900,134.14,1.3122648009230244e-09,129.2,QB +2 | 1,1,RB; WR,TE,1,8/1,"16.21|27.64|22.34|23.76|12.61|0.83|8.8|4.98|12.03"
Josh Allen (37123364),Aaron Jones Sr. (37123443),Tyjae Spears (37123457),Davante Adams (37123613),Jayden Reed (37123629),Josh Downs (37123651),Dalton Kincaid (37123929),Jalen McMillan (37123657),Dolphins (37124105),50000,132.76,3.419760486017292e-08,154.62,QB +1 | 1,1,TE,WR,1,8/1,"8.59|22.34|37.25|14.39|8.14|28.86|7.41|13.92|13.72"
Aidan O'Connell (37123378),Rico Dowdle (37123445),Tyjae Spears (37123457),A.J. Brown (37123607),Jakobi Meyers (37123627),Dontayvion Wicks (37123685),Juwan Johnson (37123943),Saquon Barkley (37123423),Bills (37124101),49900,131.17,1.610007639563253e-09,131.04000000000002,QB +1 | 1,1,WR,TE,2,8/1,"6.63|7.71|37.25|11.21|15.69|18.83|2.97|27.64|3.11"
Joe Flacco (37123381),Aaron Jones Sr. (37123443),Ameer Abdullah (37123463),Malik Nabers (37123619),Jordan Addison (37123623),Josh Downs (37123651),Brock Bowers (37123921),Garrett Wilson (37123625),Eagles (37124106),49800,132.19,5.195322538840248e-09,132.85,QB +1 | 1,1,WR,WR,2,8/1,"8.5|22.34|1.86|13.77|17.47|28.86|18.5|9.52|12.03"
Joe Flacco (37123381),Jonathan Taylor (37123427),Bucky Irving (37123437),Jayden Reed (37123629),Josh Downs (37123651),Wan'Dale Robinson (37123667),Brock Bowers (37123921),Tyrone Tracy Jr. (37123449),Packers (37124110),49800,132.61,2.9847755292982074e-09,133.08999999999997,QB +2 | 2,2,RB; WR,WR; FLEX,1,8/1,"8.5|20.56|32.29|8.14|28.86|5.9|18.5|7.64|2.7"
Jordan Love (37123368),Jonathan Taylor (37123427),Rachaad White (37123451),Garrett Wilson (37123625),Josh Downs (37123651),Dontayvion Wicks (37123685),T.J. Hockenson (37123927),Justin Jefferson (37123605),Cowboys (37124112),49900,132.06,4.409602520790631e-09,134.91,QB +1 | 2,2,WR,TE; FLEX,2,8/1,"9.77|20.56|4.98|9.52|28.86|18.83|16.45|23.76|2.18"
Josh Allen (37123364),Bucky Irving (37123437),Tyjae Spears (37123457),Davante Adams (37123613),Khalil Shakir (37123635),Josh Downs (37123651),Foster Moreau (37123949),Adam Thielen (37123633),Dolphins (37124105),50000,132.9,7.79614866844087e-09,155.29,QB +1 | 1,1,WR,WR,1,8/1,"8.59|32.29|37.25|14.39|9.47|28.86|1.52|9.2|13.72"
Jordan Love (37123368),Aaron Jones Sr. (37123443),Kendre Miller (37123455),Mike Evans (37123609),Jayden Reed (37123629),Josh Downs (37123651),Payne Durham (37123955),Saquon Barkley (37123423),Giants (37124114),49900,131.62,3.5820170997151747e-09,135.67,QB +1 | 1,1,WR,RB,2,8/1,"9.77|22.34|4.56|22.6|8.14|28.86|9.05|27.64|2.71"
Bryce Young (37123372),Bucky Irving (37123437),Tyjae Spears (37123457),Mike Evans (37123609),Adam Thielen (37123633),Michael Pittman Jr. (37123655),Juwan Johnson (37123943),Josh Jacobs (37123425),Titans (37124109),50000,132.16,4.54114158922623e-09,142.15,QB +1 | 2,2,WR,RB; WR,1,8/1,"6.11|32.29|37.25|22.6|9.2|12.61|2.97|13.03|6.09"
Joe Flacco (37123381),Rico Dowdle (37123445),Rachaad White (37123451),Malik Nabers (37123619),Calvin Ridley (37123637),Josh Downs (37123651),Brock Bowers (37123921),Davante Adams (37123613),Raiders (37124111),49900,131.07,1.079081111674077e-08,132.1,QB +1 | 1,1,WR,WR,1,8/1,"8.5|7.71|4.98|13.77|16.93|28.86|18.5|14.39|18.46"
Sam Darnold (37123367),De'Von Achane (37123429),Jerome Ford (37123447),Brian Thomas Jr. (37123617),Romeo Doubs (37123643),Jalen McMillan (37123657),T.J. Hockenson (37123927),Bucky Irving (37123437),Giants (37124114),50000,131.92,2.8256238843217605e-09,124.92,QB +1 | 1,1,TE,WR,2,8/1,"16.21|10.05|5.86|20.07|7.36|13.92|16.45|32.29|2.71"
Joe Flacco (37123381),Bucky Irving (37123437),Tyrone Tracy Jr. (37123449),Brian Thomas Jr. (37123617),Jakobi Meyers (37123627),Josh Downs (37123651),Tommy Tremble (37123945),Saquon Barkley (37123423),Eagles (37124106),49900,135.69,8.807759315930358e-09,154.10999999999999,QB +1 | 1,1,WR,RB,1,8/1,"8.5|32.29|7.64|20.07|15.69|28.86|1.39|27.64|12.03"
Joe Flacco (37123381),Saquon Barkley (37123423),Jonathan Taylor (37123427),Malik Nabers (37123619),Jordan Addison (37123623),Josh Downs (37123651),T.J. Hockenson (37123927),Brenton Strange (37123935),Browns (37124113),50000,134.96,1.742088736383658e-08,144.72,QB +2 | 1,1,RB; WR,WR,2,8/1,"8.5|27.64|20.56|13.77|17.47|28.86|16.45|4.59|6.88"
Josh Allen (37123364),Bucky Irving (37123437),Breece Hall (37123441),Justin Jefferson (37123605),Adam Thielen (37123633),Josh Downs (37123651),Dalton Kincaid (37123929),Jordan Akins (37123965),Raiders (37124111),49900,131.98,7.371641708102086e-09,141.96,QB +1 | 1,1,TE,RB,1,8/1,"8.59|32.29|10.44|23.76|9.2|28.86|7.41|2.95|18.46"
Jordan Love (37123368),Rico Dowdle (37123445),Tyjae Spears (37123457),Justin Jefferson (37123605),Jakobi Meyers (37123627),Calvin Ridley (37123637),Tucker Kraft (37123937),Garrett Wilson (37123625),Raiders (37124111),50000,133.96,2.738753049145388e-08,147.89000000000001,QB +1 | 1,1,TE,WR,2,8/1,"9.77|7.71|37.25|23.76|15.69|16.93|8.8|9.52|18.46"
Baker Mayfield (37123366),Breece Hall (37123441),Tyjae Spears (37123457),Mike Evans (37123609),Adam Thielen (37123633),Josh Downs (37123651),T.J. Hockenson (37123927),Brock Bowers (37123921),Jets (37124116),49900,133.36,3.3434393835444726e-08,158.57999999999998,QB +1 | 1,1,WR,WR,1,8/1,"11.0|10.44|37.25|22.6|9.2|28.86|16.45|18.5|4.28"
Aidan O'Connell (37123378),Jonathan Taylor (37123427),Travis Etienne Jr. (37123459),Justin Jefferson (37123605),Josh Downs (37123651),Marquez Valdes-Scantling (37123675),Brock Bowers (37123921),T.J. Hockenson (37123927),Eagles (37124106),49900,133.1,2.09119698237067e-09,131.79999999999998,QB +1 | 1,1,TE,WR,2,8/1,"6.63|20.56|2.91|23.76|28.86|2.1|18.5|16.45|12.03"
Bryce Young (37123372),Saquon Barkley (37123423),Rachaad White (37123451),Justin Jefferson (37123605),Josh Downs (37123651),Michael Pittman Jr. (37123655),Ja'Tavion Sanders (37123957),Breece Hall (37123441),Eagles (37124106),49900,131.49,1.1142750289343531e-09,127.65,QB +1 | 1,1,TE,RB,2,8/1,"6.11|27.64|4.98|23.76|28.86|12.61|1.22|10.44|12.03"
Joe Flacco (37123381),Aaron Jones Sr. (37123443),Tyrone Tracy Jr. (37123449),A.J. Brown (37123607),Malik Nabers (37123619),Josh Downs (37123651),Brock Bowers (37123921),T.J. Hockenson (37123927),Cowboys (37124112),49800,132.41,4.287710522036971e-09,129.45,QB +1 | 2,2,WR,RB; WR,2,8/1,"8.5|22.34|7.64|11.21|13.77|28.86|18.5|16.45|2.18"
Jordan Love (37123368),Josh Jacobs (37123425),Rachaad White (37123451),Malik Nabers (37123619),Garrett Wilson (37123625),Dontayvion Wicks (37123685),T.J. Hockenson (37123927),Tyjae Spears (37123457),Colts (37124102),50000,131.92,1.0989206335282968e-08,135.06,QB +2 | 1,1,RB; WR,TE,1,8/1,"9.77|13.03|4.98|13.77|9.52|18.83|16.45|37.25|11.46"
Sam Darnold (37123367),Aaron Jones Sr. (37123443),Tyjae Spears (37123457),Justin Jefferson (37123605),Jerry Jeudy (37123621),Kevin Austin Jr. (37123711),Tucker Kraft (37123937),Davante Adams (37123613),Eagles (37124106),50000,131.98,3.162925292586888e-09,140.37,QB +2 | 1,1,RB; WR,TE,1,8/1,"16.21|22.34|37.25|23.76|3.95|1.64|8.8|14.39|12.03"
Jordan Love (37123368),De'Von Achane (37123429),James Cook (37123433),Justin Jefferson (37123605),Romeo Doubs (37123643),Dontayvion Wicks (37123685),Jake Ferguson (37123939),Michael Pittman Jr. (37123655),Dolphins (37124105),50000,132.12,7.820153779378894e-09,122.27,QB +2 | 1,1,WR; WR,WR,1,8/1,"9.77|10.05|7.48|23.76|7.36|18.83|18.69|12.61|13.72"
Sam Darnold (37123367),Josh Jacobs (37123425),Tyjae Spears (37123457),Davante Adams (37123613),Jordan Addison (37123623),Elijah Moore (37123669),Jake Ferguson (37123939),Breece Hall (37123441),Browns (37124113),50000,131.41,4.301507251651093e-09,135.98000000000002,QB +1 | 1,1,WR,RB,2,8/1,"16.21|13.03|37.25|14.39|17.47|1.62|18.69|10.44|6.88"
Drew Lock (37123382),Saquon Barkley (37123423),Tyjae Spears (37123457),Justin Jefferson (37123605),Mike Evans (37123609),Malik Nabers (37123619),Kylen Granson (37123973),Jake Ferguson (37123939),Browns (37124113),49900,132.8,2.1996518259498256e-09,154.5,QB +1 | 1,1,WR,TE,1,8/1,"3.21|27.64|37.25|23.76|22.6|13.77|0.7|18.69|6.88"
Joe Flacco (37123381),Bucky Irving (37123437),Tyrone Tracy Jr. (37123449),Justin Jefferson (37123605),Malik Nabers (37123619),Michael Pittman Jr. (37123655),Tyler Conklin (37123953),Brian Thomas Jr. (37123617),Eagles (37124106),49800,135.1,5.785868532872074e-09,133.44,QB +1 | 2,2,WR,RB; WR,1,8/1,"8.5|32.29|7.64|23.76|13.77|12.61|2.77|20.07|12.03"
Aidan O'Connell (37123378),Bucky Irving (37123437),Kendre Miller (37123455),Brian Thomas Jr. (37123617),Malik Nabers (37123619),Michael Pittman Jr. (37123655),Brock Bowers (37123921),Travis Etienne Jr. (37123459),Raiders (37124111),50000,133.37,3.380953747188653e-09,129.8,QB +1 | 1,1,TE,RB,2,8/1,"6.63|32.29|4.56|20.07|13.77|12.61|18.5|2.91|18.46"
Sam Darnold (37123367),Josh Jacobs (37123425),Aaron Jones Sr. (37123443),Malik Nabers (37123619),Calvin Ridley (37123637),Jalen McMillan (37123657),Josh Oliver (37123969),Bucky Irving (37123437),Dolphins (37124105),49900,131.91,3.0526386819440562e-09,142.66,QB +2 | 1,1,RB; TE,RB,2,8/1,"16.21|13.03|22.34|13.77|16.93|13.92|0.45|32.29|13.72"
Sam Darnold (37123367),Josh Jacobs (37123425),Tyjae Spears (37123457),Garrett Wilson (37123625),DeVonta Smith (37123631),Wan'Dale Robinson (37123667),T.J. Hockenson (37123927),Bucky Irving (37123437),Cowboys (37124112),49900,133.71,3.858375173236888e-09,140.37000000000003,QB +1 | 1,1,TE,RB,1,8/1,"16.21|13.03|37.25|9.52|7.54|5.9|16.45|32.29|2.18"
Mason Rudolph (37123379),De'Von Achane (37123429),Tyjae Spears (37123457),Brian Thomas Jr. (37123617),Calvin Ridley (37123637),Dontayvion Wicks (37123685),Brock Bowers (37123921),Aaron Jones Sr. (37123443),Titans (37124109),50000,132.97,4.2441608840831843e-08,157.10000000000002,QB +2 | 1,1,RB; WR,WR,1,8/1,"7.04|10.05|37.25|20.07|16.93|18.83|18.5|22.34|6.09"
Joe Flacco (37123381),Saquon Barkley (37123423),Kendre Miller (37123455),Brian Thomas Jr. (37123617),Malik Nabers (37123619),Romeo Doubs (37123643),Mo Alie-Cox (37123985),Bucky Irving (37123437),Dolphins (37124105),49900,132.0,8.205820568001839e-10,128.76,QB +1 | 1,1,TE,WR,1,8/1,"8.5|27.64|4.56|20.07|13.77|7.36|0.85|32.29|13.72"
Sam Darnold (37123367),Jonathan Taylor (37123427),Mike Boone (37123545),Justin Jefferson (37123605),Jayden Reed (37123629),Dante Pettis (37123821),Brock Bowers (37123921),Tyjae Spears (37123457),Giants (37124114),49900,131.42,4.0764537393100333e-10,132.04,QB +1 | 1,1,WR,WR,1,8/1,"16.21|20.56|4.08|23.76|8.14|0.83|18.5|37.25|2.71"
Mac Jones (37123377),Saquon Barkley (37123423),Tyjae Spears (37123457),Jordan Addison (37123623),Garrett Wilson (37123625),Josh Downs (37123651),Brenton Strange (37123935),Rico Dowdle (37123445),Colts (37124102),49900,131.45,6.994676027815433e-09,147.99,QB +1 | 1,1,TE,RB,1,8/1,"3.49|27.64|37.25|17.47|9.52|28.86|4.59|7.71|11.46"
Sam Darnold (37123367),Saquon Barkley (37123423),Kendre Miller (37123455),Malik Nabers (37123619),Adam Thielen (37123633),Dontayvion Wicks (37123685),T.J. Hockenson (37123927),Alexander Mattison (37123453),Eagles (37124106),49900,133.22,3.684282102471921e-09,122.51,QB +1 | 1,1,TE,WR,1,8/1,"16.21|27.64|4.56|13.77|9.2|18.83|16.45|3.82|12.03"
Joe Flacco (37123381),Jonathan Taylor (37123427),Rico Dowdle (37123445),Davante Adams (37123613),Michael Pittman Jr. (37123655),Wan'Dale Robinson (37123667),Jake Ferguson (37123939),Josh Jacobs (37123425),Dolphins (37124105),50000,131.45,4.819834596533471e-09,115.11,QB +2 | 1,1,RB; WR,WR,2,8/1,"8.5|20.56|7.71|14.39|12.61|5.9|18.69|13.03|13.72"
Joe Flacco (37123381),Tyrone Tracy Jr. (37123449),Tyjae Spears (37123457),A.J. Brown (37123607),Brian Thomas Jr. (37123617),Michael Pittman Jr. (37123655),Jake Ferguson (37123939),De'Von Achane (37123429),Dolphins (37124105),50000,133.91,1.7686264169614955e-08,139.73999999999998,QB +1 | 1,1,WR,RB,1,8/1,"8.5|7.64|37.25|11.21|20.07|12.61|18.69|10.05|13.72"
Drew Lock (37123382),Josh Jacobs (37123425),Aaron Jones Sr. (37123443),A.J. Brown (37123607),Josh Downs (37123651),Wan'Dale Robinson (37123667),Jake Ferguson (37123939),Brock Bowers (37123921),Dolphins (37124105),49800,131.39,8.461000272629625e-09,135.46,QB +1 | 1,1,WR,WR,1,8/1,"3.21|13.03|22.34|11.21|28.86|5.9|18.69|18.5|13.72"
Sam Darnold (37123367),Saquon Barkley (37123423),Tyjae Spears (37123457),Mike Evans (37123609),Parker Washington (37123673),Dontayvion Wicks (37123685),T.J. Hockenson (37123927),Rico Dowdle (37123445),Buccaneers (37124103),49900,133.76,1.0357530685899772e-08,154.62,QB +1 | 1,1,TE,WR,1,8/1,"16.21|27.64|37.25|22.6|1.91|18.83|16.45|7.71|6.02"
Jordan Love (37123368),Saquon Barkley (37123423),Bucky Irving (37123437),Brian Thomas Jr. (37123617),Wan'Dale Robinson (37123667),Dontayvion Wicks (37123685),T.J. Hockenson (37123927),Travis Etienne Jr. (37123459),Colts (37124102),49900,132.96,1.0665810431345573e-08,145.32,QB +1 | 1,1,WR,TE,2,8/1,"9.77|27.64|32.29|20.07|5.9|18.83|16.45|2.91|11.46"
Baker Mayfield (37123366),Bucky Irving (37123437),Tyjae Spears (37123457),Mike Evans (37123609),Brian Thomas Jr. (37123617),Xavier Legette (37123665),Juwan Johnson (37123943),Aaron Jones Sr. (37123443),Browns (37124113),49800,131.69,9.14992095016355e-09,158.73999999999998,QB +2 | 1,1,RB; WR,WR,1,8/1,"11.0|32.29|37.25|22.6|20.07|3.34|2.97|22.34|6.88"
Joe Flacco (37123381),Saquon Barkley (37123423),Kendre Miller (37123455),Khalil Shakir (37123635),Josh Downs (37123651),Wan'Dale Robinson (37123667),Brock Bowers (37123921),Breece Hall (37123441),Eagles (37124106),49900,133.81,4.013820797293358e-09,125.9,QB +1 | 1,1,WR,WR,1,8/1,"8.5|27.64|4.56|9.47|28.86|5.9|18.5|10.44|12.03"
Mason Rudolph (37123379),Saquon Barkley (37123423),Tyjae Spears (37123457),Justin Jefferson (37123605),Jakobi Meyers (37123627),Calvin Ridley (37123637),Brenton Strange (37123935),Jalen McMillan (37123657),Raiders (37124111),50000,133.89,5.395689258956703e-08,165.28,QB +2 | 1,1,RB; WR,TE,1,8/1,"7.04|27.64|37.25|23.76|15.69|16.93|4.59|13.92|18.46"
Sam Darnold (37123367),Josh Jacobs (37123425),Bucky Irving (37123437),Jordan Addison (37123623),Adam Thielen (37123633),Michael Pittman Jr. (37123655),Chig Okonkwo (37123941),Aaron Jones Sr. (37123443),Giants (37124114),50000,134.4,7.84958311831252e-09,135.24,QB +2 | 1,1,WR; FLEX,RB,1,8/1,"16.21|13.03|32.29|17.47|9.2|12.61|9.38|22.34|2.71"
Aidan O'Connell (37123378),Bucky Irving (37123437),Jerome Ford (37123447),Justin Jefferson (37123605),Elijah Moore (37123669),Marquez Valdes-Scantling (37123675),Brock Bowers (37123921),Aaron Jones Sr. (37123443),Raiders (37124111),50000,131.58,7.736535610611799e-10,131.56,QB +1 | 1,1,TE,WR,2,8/1,"6.63|32.29|5.86|23.76|1.62|2.1|18.5|22.34|18.46"
Mac Jones (37123377),Bucky Irving (37123437),Rico Dowdle (37123445),Justin Jefferson (37123605),Brian Thomas Jr. (37123617),Calvin Ridley (37123637),Jordan Akins (37123965),Tyjae Spears (37123457),Buccaneers (37124103),50000,132.09,4.640271602558003e-09,150.47,QB +1 | 2,2,WR,WR; FLEX,1,8/1,"3.49|32.29|7.71|23.76|20.07|16.93|2.95|37.25|6.02"
Aidan O'Connell (37123378),Kendre Miller (37123455),Tyjae Spears (37123457),Davante Adams (37123613),Josh Downs (37123651),Elijah Moore (37123669),Brock Bowers (37123921),Josh Jacobs (37123425),Titans (37124109),49800,131.38,1.1122699910174366e-09,130.93,QB +1 | 1,1,TE,RB,1,8/1,"6.63|4.56|37.25|14.39|28.86|1.62|18.5|13.03|6.09"
Sam Darnold (37123367),Tyrone Tracy Jr. (37123449),Tyjae Spears (37123457),Justin Jefferson (37123605),Brian Thomas Jr. (37123617),Jayden Reed (37123629),Foster Moreau (37123949),Calvin Ridley (37123637),Saints (37124108),50000,132.02,1.3547798874857391e-09,134.46,QB +1 | 1,1,WR,WR,2,8/1,"16.21|7.64|37.25|23.76|20.07|8.14|1.52|16.93|2.94"
Sam Darnold (37123367),Josh Jacobs (37123425),James Cook (37123433),Justin Jefferson (37123605),Dontayvion Wicks (37123685),Ryan Miller (37123807),Jake Ferguson (37123939),Jakobi Meyers (37123627),Dolphins (37124105),49800,132.51,4.8061668730739554e-09,129.1,QB +1 | 2,2,WR,RB; WR,1,8/1,"16.21|13.03|7.48|23.76|18.83|1.69|18.69|15.69|13.72"
Mason Rudolph (37123379),Josh Jacobs (37123425),Bucky Irving (37123437),Justin Jefferson (37123605),Brian Thomas Jr. (37123617),Jakobi Meyers (37123627),Chig Okonkwo (37123941),Ryan Miller (37123807),Browns (37124113),49900,131.59,2.4170178262990898e-09,129.82999999999998,QB +1 | 1,1,TE,WR,2,8/1,"7.04|13.03|32.29|23.76|20.07|15.69|9.38|1.69|6.88"
Mac Jones (37123377),Bucky Irving (37123437),Tyjae Spears (37123457),Brian Thomas Jr. (37123617),Garrett Wilson (37123625),Jakobi Meyers (37123627),Jordan Akins (37123965),Jonathan Taylor (37123427),Dolphins (37124105),50000,132.55,1.0471918442800025e-08,155.54,QB +1 | 1,1,WR,RB,1,8/1,"3.49|32.29|37.25|20.07|9.52|15.69|2.95|20.56|13.72"
Joe Flacco (37123381),Josh Jacobs (37123425),Aaron Jones Sr. (37123443),Mike Evans (37123609),Michael Pittman Jr. (37123655),Wan'Dale Robinson (37123667),Jordan Akins (37123965),Saquon Barkley (37123423),Saints (37124108),50000,131.75,9.973082982392255e-10,118.51,QB +1 | 1,1,WR,WR,1,8/1,"8.5|13.03|22.34|22.6|12.61|5.9|2.95|27.64|2.94"
Jordan Love (37123368),Breece Hall (37123441),Jerome Ford (37123447),Jayden Reed (37123629),Michael Pittman Jr. (37123655),Jalen McMillan (37123657),T.J. Hockenson (37123927),Saquon Barkley (37123423),Dolphins (37124105),49900,131.15,5.327573591754778e-09,118.55,QB +1 | 1,1,WR,TE,1,8/1,"9.77|10.44|5.86|8.14|12.61|13.92|16.45|27.64|13.72"
Josh Allen (37123364),Bucky Irving (37123437),Aaron Jones Sr. (37123443),Jakobi Meyers (37123627),Khalil Shakir (37123635),Josh Downs (37123651),Tyler Conklin (37123953),Jayden Reed (37123629),Dolphins (37124105),49800,131.85,8.22000179354658e-09,141.86999999999998,QB +1 | 1,1,WR,TE,1,8/1,"8.59|32.29|22.34|15.69|9.47|28.86|2.77|8.14|13.72"
Joe Flacco (37123381),De'Von Achane (37123429),Tyjae Spears (37123457),Malik Nabers (37123619),Jordan Addison (37123623),Michael Pittman Jr. (37123655),Jake Ferguson (37123939),James Cook (37123433),Colts (37124102),50000,132.02,1.5464956873545938e-08,137.28,QB +1 | 1,1,WR,WR,1,8/1,"8.5|10.05|37.25|13.77|17.47|12.61|18.69|7.48|11.46"
Jordan Love (37123368),Bucky Irving (37123437),Tyjae Spears (37123457),Jordan Addison (37123623),Jayden Reed (37123629),Jalen McMillan (37123657),Tucker Kraft (37123937),Saquon Barkley (37123423),Giants (37124114),49900,133.3,1.533329293350283e-08,157.99,QB +2 | 1,1,WR; TE,WR,2,8/1,"9.77|32.29|37.25|17.47|8.14|13.92|8.8|27.64|2.71"
Bryce Young (37123372),Kendre Miller (37123455),Tyjae Spears (37123457),Justin Jefferson (37123605),Jalen McMillan (37123657),Jalen Coker (37123671),Brock Bowers (37123921),Jordan Addison (37123623),Eagles (37124106),49800,131.55,6.5528428737586815e-09,138.51,QB +1 | 1,1,WR,WR,2,8/1,"6.11|4.56|37.25|23.76|13.92|4.91|18.5|17.47|12.03"
Sam Darnold (37123367),Bucky Irving (37123437),Rachaad White (37123451),Justin Jefferson (37123605),Jayden Reed (37123629),Romeo Doubs (37123643),Chig Okonkwo (37123941),Aaron Jones Sr. (37123443),Jets (37124116),50000,132.08,3.3278123897925845e-09,128.74,QB +2 | 2,2,WR; FLEX,WR; WR,2,8/1,"16.21|32.29|4.98|23.76|8.14|7.36|9.38|22.34|4.28"
Jordan Love (37123368),De'Von Achane (37123429),Rico Dowdle (37123445),Garrett Wilson (37123625),DeVonta Smith (37123631),Dontayvion Wicks (37123685),T.J. Hockenson (37123927),Bucky Irving (37123437),Eagles (37124106),50000,131.25,6.538425692230175e-09,124.19,QB +1 | 1,1,WR,TE,1,8/1,"9.77|10.05|7.71|9.52|7.54|18.83|16.45|32.29|12.03"
Baker Mayfield (37123366),Bucky Irving (37123437),Tyrone Tracy Jr. (37123449),Jordan Addison (37123623),Adam Thielen (37123633),Josh Downs (37123651),Payne Durham (37123955),Saquon Barkley (37123423),Giants (37124114),50000,131.69,8.532711395745115e-09,145.86,QB +2 | 1,1,RB; TE,WR,1,8/1,"11.0|32.29|7.64|17.47|9.2|28.86|9.05|27.64|2.71"
Aidan O'Connell (37123378),Saquon Barkley (37123423),Kendre Miller (37123455),Davante Adams (37123613),Jakobi Meyers (37123627),Dontayvion Wicks (37123685),T.J. Hockenson (37123927),Aaron Jones Sr. (37123443),Eagles (37124106),50000,134.74,1.5705984543367718e-08,138.56,QB +1 | 1,1,WR,RB,2,8/1,"6.63|27.64|4.56|14.39|15.69|18.83|16.45|22.34|12.03"
Sam Darnold (37123367),Saquon Barkley (37123423),Tyjae Spears (37123457),Mike Evans (37123609),Jayden Reed (37123629),Jalen Nailor (37123703),Jake Ferguson (37123939),Rico Dowdle (37123445),Dolphins (37124105),50000,132.4,2.731558332045556e-09,152.41,QB +1 | 1,1,WR,WR,2,8/1,"16.21|27.64|37.25|22.6|8.14|0.45|18.69|7.71|13.72"
Sam Darnold (37123367),De'Von Achane (37123429),Tyjae Spears (37123457),Jordan Addison (37123623),Romeo Doubs (37123643),Michael Pittman Jr. (37123655),Juwan Johnson (37123943),Jonathan Taylor (37123427),Saints (37124108),49900,132.13,1.7663959066322783e-09,127.42,QB +1 | 1,1,WR,WR,2,8/1,"16.21|10.05|37.25|17.47|7.36|12.61|2.97|20.56|2.94"
Sam Darnold (37123367),Aaron Jones Sr. (37123443),Jerome Ford (37123447),Malik Nabers (37123619),Jakobi Meyers (37123627),Romeo Doubs (37123643),T.J. Hockenson (37123927),Breece Hall (37123441),Saints (37124108),49900,132.26,1.7037749520193891e-09,111.05999999999999,QB +2 | 1,1,RB; TE,WR,1,8/1,"16.21|22.34|5.86|13.77|15.69|7.36|16.45|10.44|2.94"
Sam Darnold (37123367),Tyrone Tracy Jr. (37123449),Raheem Blackshear (37123543),Justin Jefferson (37123605),Dontayvion Wicks (37123685),KaVontae Turpin (37123699),Brock Bowers (37123921),Saquon Barkley (37123423),Saints (37124108),50000,132.86,4.948601352086323e-10,120.82,QB +1 | 1,1,WR,WR,1,8/1,"16.21|7.64|3.69|23.76|18.83|1.61|18.5|27.64|2.94"
Jordan Love (37123368),De'Von Achane (37123429),Aaron Jones Sr. (37123443),Justin Jefferson (37123605),Jayden Reed (37123629),Josh Downs (37123651),Foster Moreau (37123949),Kendre Miller (37123455),Browns (37124113),50000,132.77,5.8385880096237e-10,115.88,QB +1 | 2,2,WR,RB; WR,2,8/1,"9.77|10.05|22.34|23.76|8.14|28.86|1.52|4.56|6.88"
Mason Rudolph (37123379),Saquon Barkley (37123423),Tyjae Spears (37123457),Mike Evans (37123609),Jakobi Meyers (37123627),Parker Washington (37123673),Chig Okonkwo (37123941),Malik Nabers (37123619),Eagles (37124106),50000,131.19,7.627884894633825e-09,147.31,QB +2 | 1,1,RB; TE,WR,1,8/1,"7.04|27.64|37.25|22.6|15.69|1.91|9.38|13.77|12.03"
Mac Jones (37123377),James Cook (37123433),Tyjae Spears (37123457),Justin Jefferson (37123605),Brian Thomas Jr. (37123617),Wan'Dale Robinson (37123667),Jake Ferguson (37123939),Malik Nabers (37123619),Browns (37124113),50000,131.56,4.844297453773828e-09,137.29000000000002,QB +1 | 1,1,WR,RB,2,8/1,"3.49|7.48|37.25|23.76|20.07|5.9|18.69|13.77|6.88"
Mason Rudolph (37123379),Bucky Irving (37123437),Aaron Jones Sr. (37123443),A.J. Brown (37123607),Calvin Ridley (37123637),Josh Downs (37123651),Brenton Strange (37123935),Brock Bowers (37123921),Dolphins (37124105),49900,131.63,3.240569168512065e-08,155.48,QB +1 | 1,1,WR,TE,1,8/1,"7.04|32.29|22.34|11.21|16.93|28.86|4.59|18.5|13.72"
Sam Darnold (37123367),Saquon Barkley (37123423),Bucky Irving (37123437),Jordan Addison (37123623),Jayden Reed (37123629),Wan'Dale Robinson (37123667),Payne Durham (37123955),Khalil Shakir (37123635),Eagles (37124106),49900,131.58,1.2514762311815309e-08,138.2,QB +1 | 1,1,WR,WR,2,8/1,"16.21|27.64|32.29|17.47|8.14|5.9|9.05|9.47|12.03"
Mac Jones (37123377),Kendre Miller (37123455),Tyjae Spears (37123457),Justin Jefferson (37123605),DeVonta Smith (37123631),Adam Thielen (37123633),Brenton Strange (37123935),Bucky Irving (37123437),Dolphins (37124105),49800,131.45,1.9868130236724692e-09,136.4,QB +1 | 1,1,TE,RB,1,8/1,"3.49|4.56|37.25|23.76|7.54|9.2|4.59|32.29|13.72"
Sam Darnold (37123367),Bucky Irving (37123437),Aaron Jones Sr. (37123443),Justin Jefferson (37123605),Garrett Wilson (37123625),Dontayvion Wicks (37123685),Chig Okonkwo (37123941),Khalil Shakir (37123635),Jaguars (37124107),49800,134.54,1.0086850817287952e-08,144.08,QB +2 | 1,1,RB; WR,WR,1,8/1,"16.21|32.29|22.34|23.76|9.52|18.83|9.38|9.47|2.28"
Joe Flacco (37123381),Josh Jacobs (37123425),Tyjae Spears (37123457),Malik Nabers (37123619),Jayden Reed (37123629),Michael Pittman Jr. (37123655),Tyler Conklin (37123953),Saquon Barkley (37123423),Titans (37124109),49900,133.24,2.718930776267446e-09,129.79999999999998,QB +1 | 1,1,WR,WR,2,8/1,"8.5|13.03|37.25|13.77|8.14|12.61|2.77|27.64|6.09"
Aidan O'Connell (37123378),James Cook (37123433),Bucky Irving (37123437),Mike Evans (37123609),Malik Nabers (37123619),Jakobi Meyers (37123627),Juwan Johnson (37123943),Josh Downs (37123651),Browns (37124113),49800,132.1,4.610942522641798e-09,137.17,QB +1 | 1,1,WR,TE,2,8/1,"6.63|7.48|32.29|22.6|13.77|15.69|2.97|28.86|6.88"
Bryce Young (37123372),Bucky Irving (37123437),Tyrone Tracy Jr. (37123449),Justin Jefferson (37123605),Jakobi Meyers (37123627),Michael Pittman Jr. (37123655),Ja'Tavion Sanders (37123957),Mike Evans (37123609),Raiders (37124111),50000,131.42,3.6065092201676708e-09,140.38,QB +1 | 2,2,TE,RB; FLEX,1,8/1,"6.11|32.29|7.64|23.76|15.69|12.61|1.22|22.6|18.46"
Jordan Love (37123368),Aaron Jones Sr. (37123443),Alexander Mattison (37123453),Brian Thomas Jr. (37123617),Romeo Doubs (37123643),Josh Downs (37123651),Brock Bowers (37123921),Breece Hall (37123441),Giants (37124114),50000,131.16,1.8603905590988664e-09,123.86999999999999,QB +1 | 1,1,WR,RB,2,8/1,"9.77|22.34|3.82|20.07|7.36|28.86|18.5|10.44|2.71"
Jordan Love (37123368),Saquon Barkley (37123423),Aaron Jones Sr. (37123443),Garrett Wilson (37123625),Khalil Shakir (37123635),Calvin Ridley (37123637),Tucker Kraft (37123937),Tyjae Spears (37123457),Browns (37124113),49900,132.09,2.0766200562502414e-08,148.59999999999997,QB +1 | 1,1,TE,RB,2,8/1,"9.77|27.64|22.34|9.52|9.47|16.93|8.8|37.25|6.88"
Sam Darnold (37123367),Jerome Ford (37123447),Tyjae Spears (37123457),Mike Evans (37123609),Jayden Reed (37123629),Jalen Coker (37123671),T.J. Hockenson (37123927),De'Von Achane (37123429),Browns (37124113),50000,131.05,3.6353116346050617e-09,128.35,QB +1 | 1,1,TE,WR,1,8/1,"16.21|5.86|37.25|22.6|8.14|4.91|16.45|10.05|6.88"
Mac Jones (37123377),Saquon Barkley (37123423),Tyjae Spears (37123457),Brian Thomas Jr. (37123617),Michael Pittman Jr. (37123655),Jalen Coker (37123671),Brock Bowers (37123921),Rico Dowdle (37123445),Giants (37124114),50000,131.36,1.7259535012790926e-09,134.89,QB +1 | 1,1,WR,RB,1,8/1,"3.49|27.64|37.25|20.07|12.61|4.91|18.5|7.71|2.71"
Sam Darnold (37123367),Breece Hall (37123441),Tyjae Spears (37123457),Justin Jefferson (37123605),Jayden Reed (37123629),Adam Thielen (37123633),Tucker Kraft (37123937),Tyrone Tracy Jr. (37123449),Jets (37124116),49800,131.21,3.2276635582319355e-09,125.72,QB +1 | 2,2,WR,WR; TE,1,8/1,"16.21|10.44|37.25|23.76|8.14|9.2|8.8|7.64|4.28"
Josh Allen (37123364),Bucky Irving (37123437),Breece Hall (37123441),Jakobi Meyers (37123627),DeVonta Smith (37123631),Josh Downs (37123651),Dalton Kincaid (37123929),Tyjae Spears (37123457),Panthers (37124115),50000,132.35,5.021282223714484e-09,149.91,QB +1 | 1,1,TE,RB,1,8/1,"8.59|32.29|10.44|15.69|7.54|28.86|7.41|37.25|1.84"
Baker Mayfield (37123366),Tyjae Spears (37123457),Raheem Blackshear (37123543),Brian Thomas Jr. (37123617),Malik Nabers (37123619),Jalen McMillan (37123657),T.J. Hockenson (37123927),Jonathan Taylor (37123427),Dolphins (37124105),49900,132.96,2.699038008263659e-08,150.42999999999998,QB +1 | 1,1,WR,RB,1,8/1,"11.0|37.25|3.69|20.07|13.77|13.92|16.45|20.56|13.72"
Joe Flacco (37123381),Jerome Ford (37123447),Kendre Miller (37123455),Malik Nabers (37123619),Jordan Addison (37123623),Michael Pittman Jr. (37123655),T.J. Hockenson (37123927),Josh Jacobs (37123425),Colts (37124102),50000,131.07,1.6924593709400484e-09,103.71000000000001,QB +1 | 1,1,WR,WR,2,8/1,"8.5|5.86|4.56|13.77|17.47|12.61|16.45|13.03|11.46"
Jordan Love (37123368),Bucky Irving (37123437),Aaron Jones Sr. (37123443),Malik Nabers (37123619),Jalen McMillan (37123657),Marquez Valdes-Scantling (37123675),Tucker Kraft (37123937),Saquon Barkley (37123423),Titans (37124109),49800,131.29,4.2021954798150515e-09,136.72,QB +1 | 1,1,TE,RB,2,8/1,"9.77|32.29|22.34|13.77|13.92|2.1|8.8|27.64|6.09"
Bryce Young (37123372),Bucky Irving (37123437),Tyrone Tracy Jr. (37123449),Malik Nabers (37123619),Adam Thielen (37123633),Dontayvion Wicks (37123685),Brock Bowers (37123921),Jerome Ford (37123447),Eagles (37124106),50000,131.57,4.689317874345391e-09,124.23,QB +1 | 1,1,WR,RB,2,8/1,"6.11|32.29|7.64|13.77|9.2|18.83|18.5|5.86|12.03"
Jordan Love (37123368),Josh Jacobs (37123425),Aaron Jones Sr. (37123443),Justin Jefferson (37123605),Jalen McMillan (37123657),Tre Tucker (37123687),Tucker Kraft (37123937),Tyjae Spears (37123457),Buccaneers (37124103),49900,131.89,4.9559226749231165e-09,137.56000000000003,QB +2 | 2,2,RB; TE,RB; WR,1,8/1,"9.77|13.03|22.34|23.76|13.92|2.67|8.8|37.25|6.02"
Joe Flacco (37123381),Aaron Jones Sr. (37123443),Tyrone Tracy Jr. (37123449),Mike Evans (37123609),Brian Thomas Jr. (37123617),Josh Downs (37123651),Chig Okonkwo (37123941),Bucky Irving (37123437),Bills (37124101),49900,134.9,1.788870342022548e-08,154.79000000000002,QB +1 | 1,1,WR,RB,2,8/1,"8.5|22.34|7.64|22.6|20.07|28.86|9.38|32.29|3.11"
Sam Darnold (37123367),Josh Jacobs (37123425),Tyjae Spears (37123457),Brian Thomas Jr. (37123617),Jordan Addison (37123623),DeVonta Smith (37123631),Foster Moreau (37123949),Adam Thielen (37123633),Browns (37124113),49900,131.28,2.0011755334065048e-09,129.17000000000002,QB +1 | 1,1,WR,RB,1,8/1,"16.21|13.03|37.25|20.07|17.47|7.54|1.52|9.2|6.88"
Sam Darnold (37123367),Aaron Jones Sr. (37123443),Tyjae Spears (37123457),Jordan Addison (37123623),Jayden Reed (37123629),Michael Pittman Jr. (37123655),Brock Bowers (37123921),Tank Bigsby (37123461),Jaguars (37124107),49800,131.13,2.520161576421726e-09,137.26999999999998,QB +2 | 1,1,RB; WR,WR,1,8/1,"16.21|22.34|37.25|17.47|8.14|12.61|18.5|2.47|2.28"
Joe Flacco (37123381),Bucky Irving (37123437),Tyrone Tracy Jr. (37123449),A.J. Brown (37123607),Michael Pittman Jr. (37123655),Xavier Legette (37123665),Jake Ferguson (37123939),Saquon Barkley (37123423),Dolphins (37124105),49800,131.54,7.016959125690614e-09,135.64000000000001,QB +1 | 1,1,WR,RB,2,8/1,"8.5|32.29|7.64|11.21|12.61|3.34|18.69|27.64|13.72"
Josh Allen (37123364),Breece Hall (37123441),Tyjae Spears (37123457),Amari Cooper (37123645),Josh Downs (37123651),Michael Pittman Jr. (37123655),Juwan Johnson (37123943),Saquon Barkley (37123423),Eagles (37124106),49900,131.14,2.1610458109419638e-09,142.19,QB +1 | 1,1,WR,RB,2,8/1,"8.59|10.44|37.25|1.8|28.86|12.61|2.97|27.64|12.03"
Sam Darnold (37123367),Saquon Barkley (37123423),Mike Boone (37123545),Justin Jefferson (37123605),Khalil Shakir (37123635),Romeo Doubs (37123643),Payne Durham (37123955),Jakobi Meyers (37123627),Eagles (37124106),50000,132.53,5.171215022816549e-09,125.28999999999999,QB +1 | 1,1,WR,WR,1,8/1,"16.21|27.64|4.08|23.76|9.47|7.36|9.05|15.69|12.03"
Jordan Love (37123368),Saquon Barkley (37123423),Aaron Jones Sr. (37123443),Brian Thomas Jr. (37123617),Calvin Ridley (37123637),Romeo Doubs (37123643),T.J. Hockenson (37123927),Mike Boone (37123545),Eagles (37124106),50000,131.3,1.2181186958335166e-08,136.67,QB +1 | 2,2,WR,RB; TE,1,8/1,"9.77|27.64|22.34|20.07|16.93|7.36|16.45|4.08|12.03"
Joe Flacco (37123381),Jonathan Taylor (37123427),Tyrone Tracy Jr. (37123449),Brian Thomas Jr. (37123617),Michael Pittman Jr. (37123655),Dontayvion Wicks (37123685),Brock Bowers (37123921),Breece Hall (37123441),Titans (37124109),49800,131.23,7.484067458222051e-09,123.24,QB +2 | 1,1,RB; WR,RB,1,8/1,"8.5|20.56|7.64|20.07|12.61|18.83|18.5|10.44|6.09"
Sam Darnold (37123367),Saquon Barkley (37123423),Tyrone Tracy Jr. (37123449),Davante Adams (37123613),Wan'Dale Robinson (37123667),Dontayvion Wicks (37123685),T.J. Hockenson (37123927),Brock Bowers (37123921),Browns (37124113),49800,133.62,1.1457862511855624e-08,132.44,QB +1 | 1,1,TE,WR,2,8/1,"16.21|27.64|7.64|14.39|5.9|18.83|16.45|18.5|6.88"
Baker Mayfield (37123366),Jonathan Taylor (37123427),Aaron Jones Sr. (37123443),Justin Jefferson (37123605),Jakobi Meyers (37123627),Adam Thielen (37123633),Payne Durham (37123955),Jake Ferguson (37123939),Browns (37124113),50000,132.23,2.016519798444227e-08,137.17,QB +1 | 1,1,TE,WR,2,8/1,"11.0|20.56|22.34|23.76|15.69|9.2|9.05|18.69|6.88"
Aidan O'Connell (37123378),Rico Dowdle (37123445),Kendre Miller (37123455),Mike Evans (37123609),Jordan Addison (37123623),Jakobi Meyers (37123627),Chig Okonkwo (37123941),Bucky Irving (37123437),Eagles (37124106),49800,131.38,5.261305833703522e-09,128.35999999999999,QB +1 | 1,1,WR,RB,2,8/1,"6.63|7.71|4.56|22.6|17.47|15.69|9.38|32.29|12.03"
Jordan Love (37123368),Josh Jacobs (37123425),Bucky Irving (37123437),Brian Thomas Jr. (37123617),Marquez Valdes-Scantling (37123675),Dontayvion Wicks (37123685),T.J. Hockenson (37123927),Rico Dowdle (37123445),Colts (37124102),49900,131.51,4.741643621989519e-09,131.70999999999998,QB +2 | 1,1,RB; WR,TE,1,8/1,"9.77|13.03|32.29|20.07|2.1|18.83|16.45|7.71|11.46"
Drew Lock (37123382),Bucky Irving (37123437),Rico Dowdle (37123445),Mike Evans (37123609),Malik Nabers (37123619),Josh Downs (37123651),Tucker Kraft (37123937),Brian Thomas Jr. (37123617),Packers (37124110),49900,131.3,3.4226301397089635e-09,140.01,QB +1 | 1,1,WR,WR,2,8/1,"3.21|32.29|7.71|22.6|13.77|28.86|8.8|20.07|2.7"
Joe Flacco (37123381),Saquon Barkley (37123423),Aaron Jones Sr. (37123443),Jerry Jeudy (37123621),Josh Downs (37123651),Wan'Dale Robinson (37123667),T.J. Hockenson (37123927),Bucky Irving (37123437),Vikings (37124104),49900,132.26,6.544024874813886e-09,149.42000000000002,QB +1 | 1,1,WR,WR,2,8/1,"8.5|27.64|22.34|3.95|28.86|5.9|16.45|32.29|3.49"
Jordan Love (37123368),Saquon Barkley (37123423),Aaron Jones Sr. (37123443),Jerry Jeudy (37123621),Josh Downs (37123651),Jalen McMillan (37123657),Tucker Kraft (37123937),Bucky Irving (37123437),Browns (37124113),49900,133.85,1.871490316242199e-08,154.45,QB +1 | 1,1,TE,RB,2,8/1,"9.77|27.64|22.34|3.95|28.86|13.92|8.8|32.29|6.88"
Joe Flacco (37123381),De'Von Achane (37123429),Tyrone Tracy Jr. (37123449),Brian Thomas Jr. (37123617),DeVonta Smith (37123631),Josh Downs (37123651),Brock Bowers (37123921),Romeo Doubs (37123643),Browns (37124113),50000,132.15,2.670123641926239e-09,115.39999999999999,QB +1 | 1,1,WR,RB,1,8/1,"8.5|10.05|7.64|20.07|7.54|28.86|18.5|7.36|6.88"
Jordan Love (37123368),Bucky Irving (37123437),Aaron Jones Sr. (37123443),Jerry Jeudy (37123621),Calvin Ridley (37123637),Dontayvion Wicks (37123685),Jake Ferguson (37123939),Jonathan Taylor (37123427),Dolphins (37124105),49800,131.11,4.678823627112409e-08,157.07999999999998,QB +1 | 1,1,WR,RB,1,8/1,"9.77|32.29|22.34|3.95|16.93|18.83|18.69|20.56|13.72"
Josh Allen (37123364),Breece Hall (37123441),Tyjae Spears (37123457),Malik Nabers (37123619),Calvin Ridley (37123637),Josh Downs (37123651),Dalton Kincaid (37123929),Jerome Ford (37123447),Raiders (37124111),49900,131.84,1.8015847019145527e-08,147.57,QB +1 | 1,1,TE,RB,2,8/1,"8.59|10.44|37.25|13.77|16.93|28.86|7.41|5.86|18.46"
Baker Mayfield (37123366),Saquon Barkley (37123423),Josh Jacobs (37123425),Adam Thielen (37123633),Michael Pittman Jr. (37123655),Dontayvion Wicks (37123685),Payne Durham (37123955),Bucky Irving (37123437),Cowboys (37124112),50000,131.9,5.513171359187486e-09,135.83,QB +2 | 1,1,TE; FLEX,WR,2,8/1,"11.0|27.64|13.03|9.2|12.61|18.83|9.05|32.29|2.18"
Mason Rudolph (37123379),Saquon Barkley (37123423),De'Von Achane (37123429),Brian Thomas Jr. (37123617),Romeo Doubs (37123643),Wan'Dale Robinson (37123667),Chig Okonkwo (37123941),Tyjae Spears (37123457),Dolphins (37124105),49800,131.81,8.170284601664475e-09,138.41000000000003,QB +2 | 1,1,TE; FLEX,WR,1,8/1,"7.04|27.64|10.05|20.07|7.36|5.9|9.38|37.25|13.72"
Bryce Young (37123372),Rico Dowdle (37123445),Tyjae Spears (37123457),Justin Jefferson (37123605),Brian Thomas Jr. (37123617),Adam Thielen (37123633),Payne Durham (37123955),Jakobi Meyers (37123627),Eagles (37124106),49800,133.41,1.3150451129207683e-08,140.87,QB +1 | 1,1,WR,TE,1,8/1,"6.11|7.71|37.25|23.76|20.07|9.2|9.05|15.69|12.03"
Baker Mayfield (37123366),Bucky Irving (37123437),Tyjae Spears (37123457),Jakobi Meyers (37123627),Adam Thielen (37123633),Jalen McMillan (37123657),Brock Bowers (37123921),Travis Etienne Jr. (37123459),Raiders (37124111),49900,133.23,2.6420037368530648e-08,159.22,QB +2 | 1,1,RB; WR,WR,2,8/1,"11.0|32.29|37.25|15.69|9.2|13.92|18.5|2.91|18.46"
Sam Darnold (37123367),Rico Dowdle (37123445),Jerome Ford (37123447),Justin Jefferson (37123605),Jayden Reed (37123629),Wan'Dale Robinson (37123667),Tucker Kraft (37123937),Bucky Irving (37123437),Cowboys (37124112),50000,131.57,5.1768439340023e-10,110.85000000000002,QB +1 | 2,2,WR,WR; TE,1,8/1,"16.21|7.71|5.86|23.76|8.14|5.9|8.8|32.29|2.18"
Jordan Love (37123368),Josh Jacobs (37123425),Aaron Jones Sr. (37123443),Calvin Ridley (37123637),Romeo Doubs (37123643),Josh Downs (37123651),Dalton Kincaid (37123929),Bucky Irving (37123437),Jaguars (37124107),49900,132.11,5.5792310551573494e-09,140.27,QB +2 | 1,1,RB; WR,RB,1,8/1,"9.77|13.03|22.34|16.93|7.36|28.86|7.41|32.29|2.28"
Joe Flacco (37123381),Saquon Barkley (37123423),Alexander Mattison (37123453),Justin Jefferson (37123605),Josh Downs (37123651),Dontayvion Wicks (37123685),Daniel Bellinger (37123959),Josh Jacobs (37123425),Saints (37124108),49900,133.46,7.102727273394113e-10,128.98,QB +1 | 1,1,WR,TE,2,8/1,"8.5|27.64|3.82|23.76|28.86|18.83|1.6|13.03|2.94"
Jordan Love (37123368),Kendre Miller (37123455),Raheem Blackshear (37123543),A.J. Brown (37123607),Malik Nabers (37123619),Dontayvion Wicks (37123685),T.J. Hockenson (37123927),Justin Jefferson (37123605),Dolphins (37124105),50000,131.86,2.5623715008163063e-09,115.76,QB +1 | 2,2,WR,TE; FLEX,1,8/1,"9.77|4.56|3.69|11.21|13.77|18.83|16.45|23.76|13.72"
Sam Darnold (37123367),Bucky Irving (37123437),Aaron Jones Sr. (37123443),Jordan Addison (37123623),Jayden Reed (37123629),Jalen Coker (37123671),Jake Ferguson (37123939),Josh Jacobs (37123425),Giants (37124114),49900,131.46,5.388352990902595e-09,135.79,QB +2 | 2,2,RB; WR,WR; FLEX,1,8/1,"16.21|32.29|22.34|17.47|8.14|4.91|18.69|13.03|2.71"
Drew Lock (37123382),Aaron Jones Sr. (37123443),Mike Boone (37123545),Justin Jefferson (37123605),Malik Nabers (37123619),Josh Downs (37123651),Brock Bowers (37123921),Tyrone Tracy Jr. (37123449),Cowboys (37124112),49800,131.06,8.512294650463763e-10,124.34,QB +2 | 1,1,WR; FLEX,WR,2,8/1,"3.21|22.34|4.08|23.76|13.77|28.86|18.5|7.64|2.18"
Aidan O'Connell (37123378),Bucky Irving (37123437),Jerome Ford (37123447),Justin Jefferson (37123605),Jakobi Meyers (37123627),Dante Pettis (37123821),Chig Okonkwo (37123941),Jonathan Taylor (37123427),Colts (37124102),50000,131.17,8.579011066516203e-10,126.46000000000001,QB +1 | 1,1,WR,WR,1,8/1,"6.63|32.29|5.86|23.76|15.69|0.83|9.38|20.56|11.46"
Bryce Young (37123372),Josh Jacobs (37123425),Bucky Irving (37123437),Mike Evans (37123609),Josh Downs (37123651),Xavier Legette (37123665),Jake Ferguson (37123939),Jerome Ford (37123447),Eagles (37124106),49800,131.45,7.37865914030558e-09,142.81,QB +1 | 2,2,WR,RB; WR,1,8/1,"6.11|13.03|32.29|22.6|28.86|3.34|18.69|5.86|12.03"
Mason Rudolph (37123379),Josh Jacobs (37123425),Bucky Irving (37123437),Brian Thomas Jr. (37123617),Calvin Ridley (37123637),Kevin Austin Jr. (37123711),Jake Ferguson (37123939),Saquon Barkley (37123423),Browns (37124113),49900,131.23,5.866364945047963e-09,144.21,QB +1 | 1,1,WR,WR,1,8/1,"7.04|13.03|32.29|20.07|16.93|1.64|18.69|27.64|6.88"
Josh Allen (37123364),Bucky Irving (37123437),Jerome Ford (37123447),Davante Adams (37123613),Romeo Doubs (37123643),Dontayvion Wicks (37123685),Dalton Kincaid (37123929),Tyjae Spears (37123457),Eagles (37124106),50000,131.64,1.0763607820519034e-08,144.01,QB +1 | 1,1,TE,WR,2,8/1,"8.59|32.29|5.86|14.39|7.36|18.83|7.41|37.25|12.03"
Sam Darnold (37123367),De'Von Achane (37123429),Tyjae Spears (37123457),Jakobi Meyers (37123627),Khalil Shakir (37123635),Romeo Doubs (37123643),T.J. Hockenson (37123927),Bucky Irving (37123437),Browns (37124113),49800,136.83,2.425205118469724e-08,151.65,QB +1 | 1,1,TE,WR,1,8/1,"16.21|10.05|37.25|15.69|9.47|7.36|16.45|32.29|6.88"
Sam Darnold (37123367),Saquon Barkley (37123423),Josh Jacobs (37123425),Jakobi Meyers (37123627),Wan'Dale Robinson (37123667),Kevin Austin Jr. (37123711),T.J. Hockenson (37123927),Rico Dowdle (37123445),Saints (37124108),50000,131.62,3.3048509946503175e-10,107.21000000000001,QB +1 | 1,1,TE,RB,1,8/1,"16.21|27.64|13.03|15.69|5.9|1.64|16.45|7.71|2.94"
Aidan O'Connell (37123378),De'Von Achane (37123429),Breece Hall (37123441),Justin Jefferson (37123605),Jakobi Meyers (37123627),Josh Downs (37123651),Foster Moreau (37123949),Khalil Shakir (37123635),Dolphins (37124105),50000,132.53,1.4780647978625749e-09,120.13999999999999,QB +1 | 1,1,WR,TE,1,8/1,"6.63|10.05|10.44|23.76|15.69|28.86|1.52|9.47|13.72"
Joe Flacco (37123381),Jonathan Taylor (37123427),Tyjae Spears (37123457),A.J. Brown (37123607),Josh Downs (37123651),Jalen McMillan (37123657),Daniel Bellinger (37123959),Saquon Barkley (37123423),Jaguars (37124107),49800,131.51,2.955985886091609e-09,151.82000000000002,QB +2 | 1,1,RB; WR,TE,2,8/1,"8.5|20.56|37.25|11.21|28.86|13.92|1.6|27.64|2.28"
Jordan Love (37123368),Saquon Barkley (37123423),Aaron Jones Sr. (37123443),Jordan Addison (37123623),Jalen Coker (37123671),Dontayvion Wicks (37123685),Chig Okonkwo (37123941),De'Von Achane (37123429),Dolphins (37124105),50000,131.25,1.2602697143918514e-08,134.10999999999999,QB +1 | 2,2,WR,RB; WR,1,8/1,"9.77|27.64|22.34|17.47|4.91|18.83|9.38|10.05|13.72"
Cooper Rush (37123374),Saquon Barkley (37123423),Aaron Jones Sr. (37123443),Davante Adams (37123613),Malik Nabers (37123619),Michael Pittman Jr. (37123655),Jake Ferguson (37123939),Tyjae Spears (37123457),Giants (37124114),50000,131.71,7.743147534858552e-09,152.06,QB +1 | 1,1,TE,RB,1,8/1,"2.66|27.64|22.34|14.39|13.77|12.61|18.69|37.25|2.71"
Sam Darnold (37123367),Jonathan Taylor (37123427),Aaron Jones Sr. (37123443),Brian Thomas Jr. (37123617),Calvin Ridley (37123637),Romeo Doubs (37123643),T.J. Hockenson (37123927),Tyjae Spears (37123457),Jets (37124116),49900,134.48,4.883232330269861e-08,161.45000000000002,QB +2 | 1,1,RB; TE,WR,2,8/1,"16.21|20.56|22.34|20.07|16.93|7.36|16.45|37.25|4.28"
Joe Flacco (37123381),De'Von Achane (37123429),Tyjae Spears (37123457),Davante Adams (37123613),DeVonta Smith (37123631),Josh Downs (37123651),Daniel Bellinger (37123959),Saquon Barkley (37123423),Packers (37124110),49800,131.25,1.1897658978809685e-09,138.52999999999997,QB +1 | 1,1,WR,TE,2,8/1,"8.5|10.05|37.25|14.39|7.54|28.86|1.6|27.64|2.7"
Mac Jones (37123377),Saquon Barkley (37123423),Tyjae Spears (37123457),Davante Adams (37123613),Jayden Reed (37123629),Josh Downs (37123651),Brenton Strange (37123935),Bucky Irving (37123437),Jets (37124116),49800,131.75,7.705410278415923e-09,160.93,QB +1 | 1,1,TE,RB,1,8/1,"3.49|27.64|37.25|14.39|8.14|28.86|4.59|32.29|4.28"
Baker Mayfield (37123366),Breece Hall (37123441),Mike Boone (37123545),Brian Thomas Jr. (37123617),Jakobi Meyers (37123627),Jalen McMillan (37123657),Brock Bowers (37123921),Tyjae Spears (37123457),Dolphins (37124105),49900,131.89,1.9418470298812494e-08,144.67,QB +1 | 1,1,WR,RB,2,8/1,"11.0|10.44|4.08|20.07|15.69|13.92|18.5|37.25|13.72"
Drew Lock (37123382),Saquon Barkley (37123423),Tyjae Spears (37123457),Romeo Doubs (37123643),Josh Downs (37123651),Wan'Dale Robinson (37123667),Brock Bowers (37123921),A.J. Brown (37123607),Giants (37124114),50000,131.9,2.3277810737895237e-09,142.64000000000001,QB +1 | 1,1,WR,WR,2,8/1,"3.21|27.64|37.25|7.36|28.86|5.9|18.5|11.21|2.71"
Joe Flacco (37123381),Bucky Irving (37123437),Alexander Mattison (37123453),Malik Nabers (37123619),Jerry Jeudy (37123621),Josh Downs (37123651),Jake Ferguson (37123939),Jonathan Taylor (37123427),Eagles (37124106),49800,131.78,7.608091644509774e-09,142.47,QB +2 | 1,1,WR; FLEX,WR,1,8/1,"8.5|32.29|3.82|13.77|3.95|28.86|18.69|20.56|12.03"
Sam Darnold (37123367),Saquon Barkley (37123423),Tyjae Spears (37123457),A.J. Brown (37123607),Marquez Valdes-Scantling (37123675),Dontayvion Wicks (37123685),T.J. Hockenson (37123927),Aaron Jones Sr. (37123443),Saints (37124108),49900,134.91,7.993168338891569e-09,154.97,QB +2 | 1,1,TE; FLEX,WR,2,8/1,"16.21|27.64|37.25|11.21|2.1|18.83|16.45|22.34|2.94"
Sam Darnold (37123367),Josh Jacobs (37123425),De'Von Achane (37123429),DeVonta Smith (37123631),Romeo Doubs (37123643),Marquez Valdes-Scantling (37123675),T.J. Hockenson (37123927),Tyjae Spears (37123457),Raiders (37124111),49800,131.38,2.7982455599011953e-09,128.45000000000002,QB +1 | 2,2,TE,RB; WR,1,8/1,"16.21|13.03|10.05|7.54|7.36|2.1|16.45|37.25|18.46"
Joe Flacco (37123381),Breece Hall (37123441),Rico Dowdle (37123445),Davante Adams (37123613),Michael Pittman Jr. (37123655),Wan'Dale Robinson (37123667),Brock Bowers (37123921),Bucky Irving (37123437),Eagles (37124106),49900,132.86,5.263893516596982e-09,122.37,QB +1 | 1,1,WR,WR,2,8/1,"8.5|10.44|7.71|14.39|12.61|5.9|18.5|32.29|12.03"
Sam Darnold (37123367),Jonathan Taylor (37123427),Aaron Jones Sr. (37123443),Jakobi Meyers (37123627),Jayden Reed (37123629),Tre Tucker (37123687),T.J. Hockenson (37123927),Rico Dowdle (37123445),Dolphins (37124105),49900,131.37,4.417965249417401e-09,123.49,QB +2 | 1,1,RB; TE,WR,2,8/1,"16.21|20.56|22.34|15.69|8.14|2.67|16.45|7.71|13.72"
Joe Flacco (37123381),Breece Hall (37123441),Tyrone Tracy Jr. (37123449),Davante Adams (37123613),Calvin Ridley (37123637),Josh Downs (37123651),Brock Bowers (37123921),Bucky Irving (37123437),Panthers (37124115),50000,131.37,5.2394350154887406e-09,139.39,QB +1 | 1,1,WR,RB,2,8/1,"8.5|10.44|7.64|14.39|16.93|28.86|18.5|32.29|1.84"
Jordan Love (37123368),Saquon Barkley (37123423),Tyrone Tracy Jr. (37123449),Jordan Addison (37123623),Jakobi Meyers (37123627),Josh Downs (37123651),Tucker Kraft (37123937),Rico Dowdle (37123445),Browns (37124113),50000,133.94,7.618397429017168e-09,130.45999999999998,QB +1 | 1,1,TE,WR,1,8/1,"9.77|27.64|7.64|17.47|15.69|28.86|8.8|7.71|6.88"
Jordan Love (37123368),Rico Dowdle (37123445),Tyjae Spears (37123457),Justin Jefferson (37123605),Garrett Wilson (37123625),Romeo Doubs (37123643),Jake Ferguson (37123939),Tyrone Tracy Jr. (37123449),Buccaneers (37124103),50000,132.31,4.0154624507043774e-09,127.72,QB +1 | 1,1,WR,WR,2,8/1,"9.77|7.71|37.25|23.76|9.52|7.36|18.69|7.64|6.02"
Joe Flacco (37123381),Saquon Barkley (37123423),Jonathan Taylor (37123427),A.J. Brown (37123607),Josh Downs (37123651),Wan'Dale Robinson (37123667),Tyler Conklin (37123953),Tyjae Spears (37123457),Eagles (37124106),49800,134.06,1.144473389522274e-08,154.72,QB +2 | 1,1,RB; WR,WR,2,8/1,"8.5|27.64|20.56|11.21|28.86|5.9|2.77|37.25|12.03"
Baker Mayfield (37123366),Bucky Irving (37123437),Aaron Jones Sr. (37123443),Justin Jefferson (37123605),Adam Thielen (37123633),Jalen McMillan (37123657),Jordan Akins (37123965),Calvin Ridley (37123637),Dolphins (37124105),49800,131.87,1.654437949372483e-08,146.11,QB +2 | 1,1,RB; WR,WR,2,8/1,"11.0|32.29|22.34|23.76|9.2|13.92|2.95|16.93|13.72"
Josh Allen (37123364),Bucky Irving (37123437),Tyjae Spears (37123457),Khalil Shakir (37123635),Michael Pittman Jr. (37123655),Jalen McMillan (37123657),Tyler Conklin (37123953),Saquon Barkley (37123423),Jaguars (37124107),50000,131.56,2.99808845163233e-09,146.82,QB +1 | 1,1,WR,TE,2,8/1,"8.59|32.29|37.25|9.47|12.61|13.92|2.77|27.64|2.28"
Sam Darnold (37123367),Saquon Barkley (37123423),Bucky Irving (37123437),Mike Evans (37123609),Khalil Shakir (37123635),Romeo Doubs (37123643),Josh Oliver (37123969),Josh Downs (37123651),Cowboys (37124112),49800,131.12,6.451945128217807e-10,147.06,QB +1 | 1,1,TE,WR,2,8/1,"16.21|27.64|32.29|22.6|9.47|7.36|0.45|28.86|2.18"
Jordan Love (37123368),Aaron Jones Sr. (37123443),Tyjae Spears (37123457),Mike Evans (37123609),Romeo Doubs (37123643),Wan'Dale Robinson (37123667),Chig Okonkwo (37123941),Jonathan Taylor (37123427),Colts (37124102),49800,131.45,1.763408139401401e-08,146.62,QB +1 | 1,1,WR,RB,2,8/1,"9.77|22.34|37.25|22.6|7.36|5.9|9.38|20.56|11.46"
Sam Darnold (37123367),De'Von Achane (37123429),Aaron Jones Sr. (37123443),Mike Evans (37123609),Jordan Addison (37123623),Dontayvion Wicks (37123685),Michael Mayer (37123963),Bucky Irving (37123437),Cowboys (37124112),49900,131.49,2.285544566807007e-09,143.17000000000002,QB +2 | 1,1,RB; WR,WR,2,8/1,"16.21|10.05|22.34|22.6|17.47|18.83|1.2|32.29|2.18"
Drew Lock (37123382),Bucky Irving (37123437),Aaron Jones Sr. (37123443),Mike Evans (37123609),Michael Pittman Jr. (37123655),Wan'Dale Robinson (37123667),Chig Okonkwo (37123941),Saquon Barkley (37123423),Buccaneers (37124103),50000,131.19,6.076718968697114e-09,141.99,QB +1 | 1,1,WR,WR,2,8/1,"3.21|32.29|22.34|22.6|12.61|5.9|9.38|27.64|6.02"
Jordan Love (37123368),Jonathan Taylor (37123427),Aaron Jones Sr. (37123443),Davante Adams (37123613),Brian Thomas Jr. (37123617),Dontayvion Wicks (37123685),Foster Moreau (37123949),Tyjae Spears (37123457),Colts (37124102),50000,132.13,1.5834844828728035e-08,156.19,QB +1 | 1,1,WR,RB,1,8/1,"9.77|20.56|22.34|14.39|20.07|18.83|1.52|37.25|11.46"
Aaron Rodgers (37123371),Tyrone Tracy Jr. (37123449),Tyjae Spears (37123457),Davante Adams (37123613),Khalil Shakir (37123635),Dontayvion Wicks (37123685),Brock Bowers (37123921),Bucky Irving (37123437),Eagles (37124106),50000,131.45,1.6688344230240976e-08,153.58,QB +1 | 1,1,WR,WR,1,8/1,"3.18|7.64|37.25|14.39|9.47|18.83|18.5|32.29|12.03"
Sam Darnold (37123367),Jonathan Taylor (37123427),Tyjae Spears (37123457),Justin Jefferson (37123605),DeVonta Smith (37123631),Romeo Doubs (37123643),Foster Moreau (37123949),Rico Dowdle (37123445),Jets (37124116),50000,131.69,8.210502426533331e-10,126.19,QB +1 | 1,1,WR,WR,1,8/1,"16.21|20.56|37.25|23.76|7.54|7.36|1.52|7.71|4.28"
Aidan O'Connell (37123378),Bucky Irving (37123437),Kendre Miller (37123455),Mike Evans (37123609),Jakobi Meyers (37123627),Calvin Ridley (37123637),Jordan Akins (37123965),Saquon Barkley (37123423),Browns (37124113),50000,132.02,3.287632385058823e-09,136.17000000000002,QB +1 | 1,1,WR,RB,2,8/1,"6.63|32.29|4.56|22.6|15.69|16.93|2.95|27.64|6.88"
Bryce Young (37123372),Saquon Barkley (37123423),Bucky Irving (37123437),Brian Thomas Jr. (37123617),Jayden Reed (37123629),Xavier Legette (37123665),Tucker Kraft (37123937),Tyjae Spears (37123457),Raiders (37124111),49900,131.62,1.8005541382508765e-08,162.1,QB +1 | 1,1,WR,RB,2,8/1,"6.11|27.64|32.29|20.07|8.14|3.34|8.8|37.25|18.46"
Baker Mayfield (37123366),Saquon Barkley (37123423),Bucky Irving (37123437),Adam Thielen (37123633),Josh Downs (37123651),Jalen McMillan (37123657),Juwan Johnson (37123943),Tyrone Tracy Jr. (37123449),Buccaneers (37124103),50000,131.26,4.9564240702310405e-09,139.54000000000002,QB +2 | 1,1,RB; WR,WR,1,8/1,"11.0|27.64|32.29|9.2|28.86|13.92|2.97|7.64|6.02"
Jordan Love (37123368),Jonathan Taylor (37123427),Bucky Irving (37123437),Jordan Addison (37123623),Michael Pittman Jr. (37123655),Dontayvion Wicks (37123685),Brock Bowers (37123921),Nick Westbrook-Ikhine (37123661),Eagles (37124106),50000,131.33,9.101751505975461e-09,143.58,QB +1 | 1,1,WR,WR,2,8/1,"9.77|20.56|32.29|17.47|12.61|18.83|18.5|1.52|12.03"
Sam Darnold (37123367),Rico Dowdle (37123445),Kendre Miller (37123455),Brian Thomas Jr. (37123617),Malik Nabers (37123619),Dontayvion Wicks (37123685),T.J. Hockenson (37123927),Mike Evans (37123609),Titans (37124109),50000,133.04,6.714682813432407e-09,126.28999999999999,QB +1 | 1,1,TE,WR,1,8/1,"16.21|7.71|4.56|20.07|13.77|18.83|16.45|22.6|6.09"
Bryce Young (37123372),Bucky Irving (37123437),Raheem Blackshear (37123543),Justin Jefferson (37123605),Adam Thielen (37123633),Josh Downs (37123651),T.J. Hockenson (37123927),Jonathan Taylor (37123427),Cowboys (37124112),50000,133.69,3.386193081466207e-09,143.1,QB +2 | 1,1,RB; WR,RB,2,8/1,"6.11|32.29|3.69|23.76|9.2|28.86|16.45|20.56|2.18"
Bryce Young (37123372),Bucky Irving (37123437),Tyjae Spears (37123457),Justin Jefferson (37123605),DeVonta Smith (37123631),Dontayvion Wicks (37123685),Tommy Tremble (37123945),Jonathan Taylor (37123427),Dolphins (37124105),50000,133.68,9.720657838531661e-09,161.45000000000002,QB +1 | 1,1,TE,RB,1,8/1,"6.11|32.29|37.25|23.76|7.54|18.83|1.39|20.56|13.72"
Drew Lock (37123382),Josh Jacobs (37123425),Tyjae Spears (37123457),Malik Nabers (37123619),Jordan Addison (37123623),Michael Pittman Jr. (37123655),Jordan Akins (37123965),Saquon Barkley (37123423),Packers (37124110),50000,131.2,1.0404985416686038e-09,130.63,QB +1 | 1,1,WR,WR,1,8/1,"3.21|13.03|37.25|13.77|17.47|12.61|2.95|27.64|2.7"
Aidan O'Connell (37123378),Saquon Barkley (37123423),Aaron Jones Sr. (37123443),Brian Thomas Jr. (37123617),Jakobi Meyers (37123627),Adam Thielen (37123633),Foster Moreau (37123949),Tyjae Spears (37123457),Jaguars (37124107),49800,132.9,1.5310789700591424e-09,142.62,QB +1 | 1,1,WR,TE,1,8/1,"6.63|27.64|22.34|20.07|15.69|9.2|1.52|37.25|2.28"
Aidan O'Connell (37123378),Saquon Barkley (37123423),Tyjae Spears (37123457),Justin Jefferson (37123605),Malik Nabers (37123619),Jakobi Meyers (37123627),Juwan Johnson (37123943),David Moore (37123677),Browns (37124113),50000,132.61,5.584967556218174e-10,135.37,QB +1 | 1,1,WR,TE,1,8/1,"6.63|27.64|37.25|23.76|13.77|15.69|2.97|0.78|6.88"
Baker Mayfield (37123366),Saquon Barkley (37123423),Bucky Irving (37123437),Davante Adams (37123613),Michael Pittman Jr. (37123655),Xavier Legette (37123665),Payne Durham (37123955),Tyjae Spears (37123457),Dolphins (37124105),49900,132.96,2.7520104828181727e-08,161.29,QB +2 | 1,1,RB; TE,WR,1,8/1,"11.0|27.64|32.29|14.39|12.61|3.34|9.05|37.25|13.72"
Spencer Rattler (37123376),Saquon Barkley (37123423),Bucky Irving (37123437),Mike Evans (37123609),Malik Nabers (37123619),Tre Tucker (37123687),Juwan Johnson (37123943),Tyjae Spears (37123457),Browns (37124113),49800,131.31,1.4732328578612025e-09,148.68,QB +1 | 1,1,TE,WR,2,8/1,"2.61|27.64|32.29|22.6|13.77|2.67|2.97|37.25|6.88"
Sam Darnold (37123367),Saquon Barkley (37123423),Tyjae Spears (37123457),Jordan Addison (37123623),Khalil Shakir (37123635),Romeo Doubs (37123643),Dalton Kincaid (37123929),Kendre Miller (37123455),Raiders (37124111),49800,132.38,1.267601592982855e-08,145.82999999999998,QB +1 | 1,1,WR,WR,2,8/1,"16.21|27.64|37.25|17.47|9.47|7.36|7.41|4.56|18.46"
Sam Darnold (37123367),Alexander Mattison (37123453),Tyjae Spears (37123457),Jordan Addison (37123623),Jayden Reed (37123629),Josh Downs (37123651),Tucker Kraft (37123937),Jonathan Taylor (37123427),Bills (37124101),49800,131.64,5.326629168895635e-09,144.22,QB +1 | 2,2,WR,WR; TE,2,8/1,"16.21|3.82|37.25|17.47|8.14|28.86|8.8|20.56|3.11"
Jordan Love (37123368),Josh Jacobs (37123425),Jonathan Taylor (37123427),Malik Nabers (37123619),Jordan Addison (37123623),Josh Downs (37123651),Tucker Kraft (37123937),Ryan Miller (37123807),Dolphins (37124105),50000,131.07,3.707735540326725e-09,127.66999999999999,QB +2 | 1,1,RB; TE,WR,2,8/1,"9.77|13.03|20.56|13.77|17.47|28.86|8.8|1.69|13.72"
Jordan Love (37123368),Jonathan Taylor (37123427),Aaron Jones Sr. (37123443),DeVonta Smith (37123631),Josh Downs (37123651),Wan'Dale Robinson (37123667),Tucker Kraft (37123937),Saquon Barkley (37123423),Jets (37124116),49900,131.31,5.997703701704689e-09,135.69,QB +1 | 1,1,TE,RB,2,8/1,"9.77|20.56|22.34|7.54|28.86|5.9|8.8|27.64|4.28"
Bryce Young (37123372),Bucky Irving (37123437),Aaron Jones Sr. (37123443),A.J. Brown (37123607),Malik Nabers (37123619),Adam Thielen (37123633),Chig Okonkwo (37123941),Tyjae Spears (37123457),Browns (37124113),50000,132.88,1.504656473480754e-08,148.42999999999998,QB +1 | 1,1,WR,RB,2,8/1,"6.11|32.29|22.34|11.21|13.77|9.2|9.38|37.25|6.88"
Sam Darnold (37123367),Jonathan Taylor (37123427),Tyjae Spears (37123457),Brian Thomas Jr. (37123617),Romeo Doubs (37123643),Michael Pittman Jr. (37123655),T.J. Hockenson (37123927),Jonnu Smith (37123923),Colts (37124102),50000,131.51,1.0724036974357794e-08,144.43,QB +1 | 1,1,TE,WR,2,8/1,"16.21|20.56|37.25|20.07|7.36|12.61|16.45|2.46|11.46"
Aidan O'Connell (37123378),Kendre Miller (37123455),Tyjae Spears (37123457),Mike Evans (37123609),Jordan Addison (37123623),Jalen McMillan (37123657),Brock Bowers (37123921),Breece Hall (37123441),Raiders (37124111),50000,132.45,2.2067297567694793e-08,149.83,QB +1 | 1,1,TE,RB,2,8/1,"6.63|4.56|37.25|22.6|17.47|13.92|18.5|10.44|18.46"
Sam Darnold (37123367),De'Von Achane (37123429),Breece Hall (37123441),Jordan Addison (37123623),Jakobi Meyers (37123627),Jalen McMillan (37123657),Tucker Kraft (37123937),Aaron Jones Sr. (37123443),Browns (37124113),49800,131.12,8.77725949600264e-09,121.8,QB +2 | 1,1,WR; FLEX,TE,1,8/1,"16.21|10.05|10.44|17.47|15.69|13.92|8.8|22.34|6.88"
Sam Darnold (37123367),Bucky Irving (37123437),Rico Dowdle (37123445),Justin Jefferson (37123605),Jalen McMillan (37123657),Wan'Dale Robinson (37123667),Tucker Kraft (37123937),Garrett Wilson (37123625),Buccaneers (37124103),49800,131.7,3.971542669930311e-09,124.13,QB +1 | 1,1,WR,TE,2,8/1,"16.21|32.29|7.71|23.76|13.92|5.9|8.8|9.52|6.02"
Joe Flacco (37123381),Saquon Barkley (37123423),Tyrone Tracy Jr. (37123449),Mike Evans (37123609),Josh Downs (37123651),Parker Washington (37123673),Brenton Strange (37123935),Bucky Irving (37123437),Colts (37124102),50000,131.26,3.7979898899250704e-09,145.49,QB +1 | 1,1,WR,RB,2,8/1,"8.5|27.64|7.64|22.6|28.86|1.91|4.59|32.29|11.46"
Aidan O'Connell (37123378),Josh Jacobs (37123425),Tyjae Spears (37123457),Davante Adams (37123613),Josh Downs (37123651),Tre Tucker (37123687),Juwan Johnson (37123943),Saquon Barkley (37123423),Buccaneers (37124103),49800,131.49,1.7633705465899275e-09,139.46,QB +1 | 1,1,WR,TE,1,8/1,"6.63|13.03|37.25|14.39|28.86|2.67|2.97|27.64|6.02"
Aaron Rodgers (37123371),Bucky Irving (37123437),Aaron Jones Sr. (37123443),Davante Adams (37123613),Brian Thomas Jr. (37123617),Jalen McMillan (37123657),Dalton Kincaid (37123929),Tyjae Spears (37123457),Dolphins (37124105),50000,131.65,3.4924028335719435e-08,164.57000000000002,QB +1 | 1,1,WR,TE,2,8/1,"3.18|32.29|22.34|14.39|20.07|13.92|7.41|37.25|13.72"
Josh Allen (37123364),Jonathan Taylor (37123427),Bucky Irving (37123437),Davante Adams (37123613),Michael Pittman Jr. (37123655),Dontayvion Wicks (37123685),Dalton Kincaid (37123929),Jake Ferguson (37123939),Eagles (37124106),49900,131.14,3.246412159838154e-08,145.4,QB +1 | 1,1,TE,WR,2,8/1,"8.59|20.56|32.29|14.39|12.61|18.83|7.41|18.69|12.03"
Joe Flacco (37123381),Jonathan Taylor (37123427),Rico Dowdle (37123445),Mike Evans (37123609),Michael Pittman Jr. (37123655),Wan'Dale Robinson (37123667),T.J. Hockenson (37123927),Bucky Irving (37123437),Dolphins (37124105),49800,134.42,1.6510491810937493e-08,140.34,QB +2 | 1,1,RB; WR,WR,2,8/1,"8.5|20.56|7.71|22.6|12.61|5.9|16.45|32.29|13.72"
Aidan O'Connell (37123378),Saquon Barkley (37123423),Tyjae Spears (37123457),Mike Evans (37123609),Jakobi Meyers (37123627),Kevin Austin Jr. (37123711),Payne Durham (37123955),De'Von Achane (37123429),Colts (37124102),49800,131.05,4.1376364927328654e-09,142.01000000000002,QB +1 | 1,1,WR,WR,2,8/1,"6.63|27.64|37.25|22.6|15.69|1.64|9.05|10.05|11.46"
Jordan Love (37123368),Bucky Irving (37123437),Tyjae Spears (37123457),Brian Thomas Jr. (37123617),Jordan Addison (37123623),Jayden Reed (37123629),Tyler Conklin (37123953),Aaron Jones Sr. (37123443),Buccaneers (37124103),49800,131.58,1.2494330717587745e-08,156.12,QB +1 | 2,2,WR,WR; FLEX,1,8/1,"9.77|32.29|37.25|20.07|17.47|8.14|2.77|22.34|6.02"
Josh Allen (37123364),Rico Dowdle (37123445),Tyjae Spears (37123457),Garrett Wilson (37123625),Jayden Reed (37123629),Dontayvion Wicks (37123685),Dalton Kincaid (37123929),Bucky Irving (37123437),Dolphins (37124105),50000,131.88,1.1817506684310869e-08,143.45999999999998,QB +1 | 1,1,TE,WR,2,8/1,"8.59|7.71|37.25|9.52|8.14|18.83|7.41|32.29|13.72"
Josh Allen (37123364),De'Von Achane (37123429),Tyjae Spears (37123457),Garrett Wilson (37123625),Michael Pittman Jr. (37123655),Dontayvion Wicks (37123685),Dalton Kincaid (37123929),Bucky Irving (37123437),Packers (37124110),50000,131.65,4.696105822698264e-09,139.24999999999997,QB +1 | 1,1,TE,WR,1,8/1,"8.59|10.05|37.25|9.52|12.61|18.83|7.41|32.29|2.7"
Joe Flacco (37123381),Josh Jacobs (37123425),Aaron Jones Sr. (37123443),Mike Evans (37123609),Malik Nabers (37123619),Michael Pittman Jr. (37123655),Brenton Strange (37123935),Kendre Miller (37123455),Browns (37124113),49900,131.31,1.3982020760091258e-09,108.88,QB +1 | 1,1,WR,WR,1,8/1,"8.5|13.03|22.34|22.6|13.77|12.61|4.59|4.56|6.88"
Drew Lock (37123382),Saquon Barkley (37123423),Jonathan Taylor (37123427),Josh Downs (37123651),Wan'Dale Robinson (37123667),Dontayvion Wicks (37123685),Jake Ferguson (37123939),Josh Jacobs (37123425),Bills (37124101),49900,131.74,4.42974723737723e-09,139.83,QB +1 | 2,2,WR,RB; WR,2,8/1,"3.21|27.64|20.56|28.86|5.9|18.83|18.69|13.03|3.11"
Baker Mayfield (37123366),Josh Jacobs (37123425),Bucky Irving (37123437),Brian Thomas Jr. (37123617),Michael Pittman Jr. (37123655),Jalen Coker (37123671),Payne Durham (37123955),Aaron Jones Sr. (37123443),Dolphins (37124105),49800,131.28,1.5952727855023955e-08,139.02,QB +2 | 1,1,RB; TE,WR,1,8/1,"11.0|13.03|32.29|20.07|12.61|4.91|9.05|22.34|13.72"
Spencer Rattler (37123376),Saquon Barkley (37123423),Tyjae Spears (37123457),Michael Pittman Jr. (37123655),Jalen McMillan (37123657),Marquez Valdes-Scantling (37123675),Brock Bowers (37123921),Jonathan Taylor (37123427),Browns (37124113),49800,131.56,2.5921594747305365e-09,142.07,QB +1 | 1,1,WR,TE,2,8/1,"2.61|27.64|37.25|12.61|13.92|2.1|18.5|20.56|6.88"
Joe Flacco (37123381),Saquon Barkley (37123423),Alexander Mattison (37123453),Malik Nabers (37123619),Garrett Wilson (37123625),Josh Downs (37123651),Payne Durham (37123955),Jonathan Taylor (37123427),Raiders (37124111),50000,132.13,1.1662480455502257e-08,140.18,QB +2 | 1,1,WR; FLEX,WR,1,8/1,"8.5|27.64|3.82|13.77|9.52|28.86|9.05|20.56|18.46"
